基金代码,筛选状态,失败原因
000082,未通过,数据不足（729天）无法计算1年指标 / 数据不足（729天）无法计算2年指标 / 数据不足（729天）无法计算3年指标 / 无法计算1年期指标
000309,未通过,数据不足（729天）无法计算1年指标 / 数据不足（729天）无法计算2年指标 / 数据不足（729天）无法计算3年指标 / 无法计算1年期指标
000326,未通过,数据不足（729天）无法计算1年指标 / 数据不足（729天）无法计算2年指标 / 数据不足（729天）无法计算3年指标 / 无法计算1年期指标
000409,未通过,数据不足（729天）无法计算1年指标 / 数据不足（729天）无法计算2年指标 / 数据不足（729天）无法计算3年指标 / 无法计算1年期指标
000411,未通过,数据不足（729天）无法计算1年指标 / 数据不足（729天）无法计算2年指标 / 数据不足（729天）无法计算3年指标 / 无法计算1年期指标
000418,未通过,数据不足（729天）无法计算1年指标 / 数据不足（729天）无法计算2年指标 / 数据不足（729天）无法计算3年指标 / 无法计算1年期指标
000457,未通过,数据不足（729天）无法计算1年指标 / 数据不足（729天）无法计算2年指标 / 数据不足（729天）无法计算3年指标 / 无法计算1年期指标
000471,未通过,数据不足（729天）无法计算1年指标 / 数据不足（729天）无法计算2年指标 / 数据不足（729天）无法计算3年指标 / 无法计算1年期指标
000472,未通过,数据不足（0天 < 365天）
000513,未通过,数据不足（729天）无法计算1年指标 / 数据不足（729天）无法计算2年指标 / 数据不足（729天）无法计算3年指标 / 无法计算1年期指标
000514,未通过,数据不足（0天 < 365天）
000524,未通过,数据不足（729天）无法计算1年指标 / 数据不足（729天）无法计算2年指标 / 数据不足（729天）无法计算3年指标 / 无法计算1年期指标
000549,未通过,数据不足（729天）无法计算1年指标 / 数据不足（729天）无法计算2年指标 / 数据不足（729天）无法计算3年指标 / 无法计算1年期指标
000577,未通过,数据不足（729天）无法计算1年指标 / 数据不足（729天）无法计算2年指标 / 数据不足（729天）无法计算3年指标 / 无法计算1年期指标
000586,未通过,数据不足（729天）无法计算1年指标 / 数据不足（729天）无法计算2年指标 / 数据不足（729天）无法计算3年指标 / 无法计算1年期指标
000592,未通过,数据不足（729天）无法计算1年指标 / 数据不足（729天）无法计算2年指标 / 数据不足（729天）无法计算3年指标 / 无法计算1年期指标
000594,未通过,数据不足（729天）无法计算1年指标 / 数据不足（729天）无法计算2年指标 / 数据不足（729天）无法计算3年指标 / 无法计算1年期指标
000628,未通过,数据不足（729天）无法计算1年指标 / 数据不足（729天）无法计算2年指标 / 数据不足（729天）无法计算3年指标 / 无法计算1年期指标
000688,未通过,数据不足（729天）无法计算1年指标 / 数据不足（729天）无法计算2年指标 / 数据不足（729天）无法计算3年指标 / 无法计算1年期指标
000696,未通过,数据不足（729天）无法计算1年指标 / 数据不足（729天）无法计算2年指标 / 数据不足（729天）无法计算3年指标 / 无法计算1年期指标
000697,未通过,数据不足（729天）无法计算1年指标 / 数据不足（729天）无法计算2年指标 / 数据不足（729天）无法计算3年指标 / 无法计算1年期指标
000711,未通过,数据不足（729天）无法计算1年指标 / 数据不足（729天）无法计算2年指标 / 数据不足（729天）无法计算3年指标 / 无法计算1年期指标
000729,未通过,数据不足（729天）无法计算1年指标 / 数据不足（729天）无法计算2年指标 / 数据不足（729天）无法计算3年指标 / 无法计算1年期指标
000746,未通过,数据不足（729天）无法计算1年指标 / 数据不足（729天）无法计算2年指标 / 数据不足（729天）无法计算3年指标 / 无法计算1年期指标
000751,未通过,数据不足（729天）无法计算1年指标 / 数据不足（729天）无法计算2年指标 / 数据不足（729天）无法计算3年指标 / 无法计算1年期指标
000756,未通过,数据不足（729天）无法计算1年指标 / 数据不足（729天）无法计算2年指标 / 数据不足（729天）无法计算3年指标 / 无法计算1年期指标
000761,未通过,数据不足（729天）无法计算1年指标 / 数据不足（729天）无法计算2年指标 / 数据不足（729天）无法计算3年指标 / 无法计算1年期指标
000778,未通过,数据不足（729天）无法计算1年指标 / 数据不足（729天）无法计算2年指标 / 数据不足（729天）无法计算3年指标 / 无法计算1年期指标
000780,未通过,数据不足（729天）无法计算1年指标 / 数据不足（729天）无法计算2年指标 / 数据不足（729天）无法计算3年指标 / 无法计算1年期指标
000793,未通过,数据不足（729天）无法计算1年指标 / 数据不足（729天）无法计算2年指标 / 数据不足（729天）无法计算3年指标 / 无法计算1年期指标
000803,未通过,数据不足（729天）无法计算1年指标 / 数据不足（729天）无法计算2年指标 / 数据不足（729天）无法计算3年指标 / 无法计算1年期指标
000828,未通过,数据不足（729天）无法计算1年指标 / 数据不足（729天）无法计算2年指标 / 数据不足（729天）无法计算3年指标 / 无法计算1年期指标
000831,未通过,数据不足（729天）无法计算1年指标 / 数据不足（729天）无法计算2年指标 / 数据不足（729天）无法计算3年指标 / 无法计算1年期指标
000854,未通过,数据不足（729天）无法计算1年指标 / 数据不足（729天）无法计算2年指标 / 数据不足（729天）无法计算3年指标 / 无法计算1年期指标
000866,未通过,数据不足（729天）无法计算1年指标 / 数据不足（729天）无法计算2年指标 / 数据不足（729天）无法计算3年指标 / 无法计算1年期指标
000867,未通过,数据不足（729天）无法计算1年指标 / 数据不足（729天）无法计算2年指标 / 数据不足（729天）无法计算3年指标 / 无法计算1年期指标
000884,未通过,数据不足（730天）无法计算1年指标 / 数据不足（730天）无法计算2年指标 / 数据不足（730天）无法计算3年指标 / 无法计算1年期指标
000893,未通过,数据不足（729天）无法计算1年指标 / 数据不足（729天）无法计算2年指标 / 数据不足（729天）无法计算3年指标 / 无法计算1年期指标
000913,未通过,数据不足（729天）无法计算1年指标 / 数据不足（729天）无法计算2年指标 / 数据不足（729天）无法计算3年指标 / 无法计算1年期指标
000916,未通过,数据不足（729天）无法计算1年指标 / 数据不足（729天）无法计算2年指标 / 数据不足（729天）无法计算3年指标 / 无法计算1年期指标
000925,未通过,数据不足（729天）无法计算1年指标 / 数据不足（729天）无法计算2年指标 / 数据不足（729天）无法计算3年指标 / 无法计算1年期指标
000955,未通过,数据不足（729天）无法计算1年指标 / 数据不足（729天）无法计算2年指标 / 数据不足（729天）无法计算3年指标 / 无法计算1年期指标
000960,未通过,数据不足（729天）无法计算1年指标 / 数据不足（729天）无法计算2年指标 / 数据不足（729天）无法计算3年指标 / 无法计算1年期指标
000971,未通过,数据不足（729天）无法计算1年指标 / 数据不足（729天）无法计算2年指标 / 数据不足（729天）无法计算3年指标 / 无法计算1年期指标
000974,未通过,数据不足（729天）无法计算1年指标 / 数据不足（729天）无法计算2年指标 / 数据不足（729天）无法计算3年指标 / 无法计算1年期指标
000978,未通过,数据不足（729天）无法计算1年指标 / 数据不足（729天）无法计算2年指标 / 数据不足（729天）无法计算3年指标 / 无法计算1年期指标
000979,未通过,数据不足（729天）无法计算1年指标 / 数据不足（729天）无法计算2年指标 / 数据不足（729天）无法计算3年指标 / 无法计算1年期指标
000985,未通过,数据不足（729天）无法计算1年指标 / 数据不足（729天）无法计算2年指标 / 数据不足（729天）无法计算3年指标 / 无法计算1年期指标
000991,未通过,数据不足（729天）无法计算1年指标 / 数据不足（729天）无法计算2年指标 / 数据不足（729天）无法计算3年指标 / 无法计算1年期指标
000996,未通过,数据不足（729天）无法计算1年指标 / 数据不足（729天）无法计算2年指标 / 数据不足（729天）无法计算3年指标 / 无法计算1年期指标
001008,未通过,数据不足（729天）无法计算1年指标 / 数据不足（729天）无法计算2年指标 / 数据不足（729天）无法计算3年指标 / 无法计算1年期指标
001009,未通过,数据不足（729天）无法计算1年指标 / 数据不足（729天）无法计算2年指标 / 数据不足（729天）无法计算3年指标 / 无法计算1年期指标
001028,未通过,数据不足（729天）无法计算1年指标 / 数据不足（729天）无法计算2年指标 / 数据不足（729天）无法计算3年指标 / 无法计算1年期指标
001036,未通过,数据不足（729天）无法计算1年指标 / 数据不足（729天）无法计算2年指标 / 数据不足（729天）无法计算3年指标 / 无法计算1年期指标
001039,未通过,数据不足（729天）无法计算1年指标 / 数据不足（729天）无法计算2年指标 / 数据不足（729天）无法计算3年指标 / 无法计算1年期指标
001040,未通过,数据不足（729天）无法计算1年指标 / 数据不足（729天）无法计算2年指标 / 数据不足（729天）无法计算3年指标 / 无法计算1年期指标
001042,未通过,数据不足（729天）无法计算1年指标 / 数据不足（729天）无法计算2年指标 / 数据不足（729天）无法计算3年指标 / 无法计算1年期指标
001043,未通过,数据不足（729天）无法计算1年指标 / 数据不足（729天）无法计算2年指标 / 数据不足（729天）无法计算3年指标 / 无法计算1年期指标
001044,未通过,数据不足（729天）无法计算1年指标 / 数据不足（729天）无法计算2年指标 / 数据不足（729天）无法计算3年指标 / 无法计算1年期指标
001047,未通过,数据不足（729天）无法计算1年指标 / 数据不足（729天）无法计算2年指标 / 数据不足（729天）无法计算3年指标 / 无法计算1年期指标
001048,未通过,数据不足（729天）无法计算1年指标 / 数据不足（729天）无法计算2年指标 / 数据不足（729天）无法计算3年指标 / 无法计算1年期指标
001049,未通过,数据不足（0天 < 365天）
001054,未通过,数据不足（729天）无法计算1年指标 / 数据不足（729天）无法计算2年指标 / 数据不足（729天）无法计算3年指标 / 无法计算1年期指标
001070,未通过,数据不足（729天）无法计算1年指标 / 数据不足（729天）无法计算2年指标 / 数据不足（729天）无法计算3年指标 / 无法计算1年期指标
001072,未通过,数据不足（729天）无法计算1年指标 / 数据不足（729天）无法计算2年指标 / 数据不足（729天）无法计算3年指标 / 无法计算1年期指标
001097,未通过,数据不足（729天）无法计算1年指标 / 数据不足（729天）无法计算2年指标 / 数据不足（729天）无法计算3年指标 / 无法计算1年期指标
001104,未通过,数据不足（729天）无法计算1年指标 / 数据不足（729天）无法计算2年指标 / 数据不足（729天）无法计算3年指标 / 无法计算1年期指标
001105,未通过,数据不足（729天）无法计算1年指标 / 数据不足（729天）无法计算2年指标 / 数据不足（729天）无法计算3年指标 / 无法计算1年期指标
001126,未通过,数据不足（729天）无法计算1年指标 / 数据不足（729天）无法计算2年指标 / 数据不足（729天）无法计算3年指标 / 无法计算1年期指标
001158,未通过,数据不足（729天）无法计算1年指标 / 数据不足（729天）无法计算2年指标 / 数据不足（729天）无法计算3年指标 / 无法计算1年期指标
001162,未通过,数据不足（729天）无法计算1年指标 / 数据不足（729天）无法计算2年指标 / 数据不足（729天）无法计算3年指标 / 无法计算1年期指标
001163,未通过,数据不足（729天）无法计算1年指标 / 数据不足（729天）无法计算2年指标 / 数据不足（729天）无法计算3年指标 / 无法计算1年期指标
001166,未通过,数据不足（729天）无法计算1年指标 / 数据不足（729天）无法计算2年指标 / 数据不足（729天）无法计算3年指标 / 无法计算1年期指标
001167,未通过,数据不足（729天）无法计算1年指标 / 数据不足（729天）无法计算2年指标 / 数据不足（729天）无法计算3年指标 / 无法计算1年期指标
001171,未通过,数据不足（729天）无法计算1年指标 / 数据不足（729天）无法计算2年指标 / 数据不足（729天）无法计算3年指标 / 无法计算1年期指标
001178,未通过,数据不足（729天）无法计算1年指标 / 数据不足（729天）无法计算2年指标 / 数据不足（729天）无法计算3年指标 / 无法计算1年期指标
001186,未通过,数据不足（729天）无法计算1年指标 / 数据不足（729天）无法计算2年指标 / 数据不足（729天）无法计算3年指标 / 无法计算1年期指标
001187,未通过,数据不足（0天 < 365天）
001188,未通过,数据不足（729天）无法计算1年指标 / 数据不足（729天）无法计算2年指标 / 数据不足（729天）无法计算3年指标 / 无法计算1年期指标
001193,未通过,数据不足（729天）无法计算1年指标 / 数据不足（729天）无法计算2年指标 / 数据不足（729天）无法计算3年指标 / 无法计算1年期指标
001195,未通过,数据不足（729天）无法计算1年指标 / 数据不足（729天）无法计算2年指标 / 数据不足（729天）无法计算3年指标 / 无法计算1年期指标
001208,未通过,数据不足（729天）无法计算1年指标 / 数据不足（729天）无法计算2年指标 / 数据不足（729天）无法计算3年指标 / 无法计算1年期指标
001223,未通过,数据不足（729天）无法计算1年指标 / 数据不足（729天）无法计算2年指标 / 数据不足（729天）无法计算3年指标 / 无法计算1年期指标
001230,未通过,数据不足（729天）无法计算1年指标 / 数据不足（729天）无法计算2年指标 / 数据不足（729天）无法计算3年指标 / 无法计算1年期指标
001236,未通过,数据不足（729天）无法计算1年指标 / 数据不足（729天）无法计算2年指标 / 数据不足（729天）无法计算3年指标 / 无法计算1年期指标
001245,未通过,数据不足（729天）无法计算1年指标 / 数据不足（729天）无法计算2年指标 / 数据不足（729天）无法计算3年指标 / 无法计算1年期指标
001277,未通过,数据不足（729天）无法计算1年指标 / 数据不足（729天）无法计算2年指标 / 数据不足（729天）无法计算3年指标 / 无法计算1年期指标
001291,未通过,数据不足（729天）无法计算1年指标 / 数据不足（729天）无法计算2年指标 / 数据不足（729天）无法计算3年指标 / 无法计算1年期指标
001313,未通过,数据不足（729天）无法计算1年指标 / 数据不足（729天）无法计算2年指标 / 数据不足（729天）无法计算3年指标 / 无法计算1年期指标
001319,未通过,数据不足（729天）无法计算1年指标 / 数据不足（729天）无法计算2年指标 / 数据不足（729天）无法计算3年指标 / 无法计算1年期指标
001396,未通过,数据不足（729天）无法计算1年指标 / 数据不足（729天）无法计算2年指标 / 数据不足（729天）无法计算3年指标 / 无法计算1年期指标
001404,未通过,数据不足（729天）无法计算1年指标 / 数据不足（729天）无法计算2年指标 / 数据不足（729天）无法计算3年指标 / 无法计算1年期指标
001409,未通过,数据不足（729天）无法计算1年指标 / 数据不足（729天）无法计算2年指标 / 数据不足（729天）无法计算3年指标 / 无法计算1年期指标
001410,未通过,数据不足（729天）无法计算1年指标 / 数据不足（729天）无法计算2年指标 / 数据不足（729天）无法计算3年指标 / 无法计算1年期指标
001416,未通过,数据不足（729天）无法计算1年指标 / 数据不足（729天）无法计算2年指标 / 数据不足（729天）无法计算3年指标 / 无法计算1年期指标
001421,未通过,数据不足（729天）无法计算1年指标 / 数据不足（729天）无法计算2年指标 / 数据不足（729天）无法计算3年指标 / 无法计算1年期指标
001473,未通过,数据不足（729天）无法计算1年指标 / 数据不足（729天）无法计算2年指标 / 数据不足（729天）无法计算3年指标 / 无法计算1年期指标
001476,未通过,数据不足（729天）无法计算1年指标 / 数据不足（729天）无法计算2年指标 / 数据不足（729天）无法计算3年指标 / 无法计算1年期指标
001482,未通过,数据不足（729天）无法计算1年指标 / 数据不足（729天）无法计算2年指标 / 数据不足（729天）无法计算3年指标 / 无法计算1年期指标
001490,未通过,数据不足（729天）无法计算1年指标 / 数据不足（729天）无法计算2年指标 / 数据不足（729天）无法计算3年指标 / 无法计算1年期指标
001496,未通过,数据不足（729天）无法计算1年指标 / 数据不足（729天）无法计算2年指标 / 数据不足（729天）无法计算3年指标 / 无法计算1年期指标
001521,未通过,数据不足（729天）无法计算1年指标 / 数据不足（729天）无法计算2年指标 / 数据不足（729天）无法计算3年指标 / 无法计算1年期指标
001528,未通过,数据不足（729天）无法计算1年指标 / 数据不足（729天）无法计算2年指标 / 数据不足（729天）无法计算3年指标 / 无法计算1年期指标
001541,未通过,数据不足（729天）无法计算1年指标 / 数据不足（729天）无法计算2年指标 / 数据不足（729天）无法计算3年指标 / 无法计算1年期指标
001542,未通过,数据不足（729天）无法计算1年指标 / 数据不足（729天）无法计算2年指标 / 数据不足（729天）无法计算3年指标 / 无法计算1年期指标
001576,未通过,数据不足（729天）无法计算1年指标 / 数据不足（729天）无法计算2年指标 / 数据不足（729天）无法计算3年指标 / 无法计算1年期指标
001577,未通过,数据不足（729天）无法计算1年指标 / 数据不足（729天）无法计算2年指标 / 数据不足（729天）无法计算3年指标 / 无法计算1年期指标
001579,未通过,数据不足（729天）无法计算1年指标 / 数据不足（729天）无法计算2年指标 / 数据不足（729天）无法计算3年指标 / 无法计算1年期指标
001583,未通过,数据不足（729天）无法计算1年指标 / 数据不足（729天）无法计算2年指标 / 数据不足（729天）无法计算3年指标 / 无法计算1年期指标
001605,未通过,数据不足（729天）无法计算1年指标 / 数据不足（729天）无法计算2年指标 / 数据不足（729天）无法计算3年指标 / 无法计算1年期指标
001616,未通过,数据不足（729天）无法计算1年指标 / 数据不足（729天）无法计算2年指标 / 数据不足（729天）无法计算3年指标 / 无法计算1年期指标
001626,未通过,数据不足（729天）无法计算1年指标 / 数据不足（729天）无法计算2年指标 / 数据不足（729天）无法计算3年指标 / 无法计算1年期指标
001628,未通过,数据不足（729天）无法计算1年指标 / 数据不足（729天）无法计算2年指标 / 数据不足（729天）无法计算3年指标 / 无法计算1年期指标
001637,未通过,数据不足（729天）无法计算1年指标 / 数据不足（729天）无法计算2年指标 / 数据不足（729天）无法计算3年指标 / 无法计算1年期指标
001638,未通过,数据不足（729天）无法计算1年指标 / 数据不足（729天）无法计算2年指标 / 数据不足（729天）无法计算3年指标 / 无法计算1年期指标
001643,未通过,数据不足（729天）无法计算1年指标 / 数据不足（729天）无法计算2年指标 / 数据不足（729天）无法计算3年指标 / 无法计算1年期指标
001644,未通过,数据不足（729天）无法计算1年指标 / 数据不足（729天）无法计算2年指标 / 数据不足（729天）无法计算3年指标 / 无法计算1年期指标
001645,未通过,数据不足（729天）无法计算1年指标 / 数据不足（729天）无法计算2年指标 / 数据不足（729天）无法计算3年指标 / 无法计算1年期指标
001651,未通过,数据不足（729天）无法计算1年指标 / 数据不足（729天）无法计算2年指标 / 数据不足（729天）无法计算3年指标 / 无法计算1年期指标
001672,未通过,数据不足（729天）无法计算1年指标 / 数据不足（729天）无法计算2年指标 / 数据不足（729天）无法计算3年指标 / 无法计算1年期指标
001677,未通过,数据不足（729天）无法计算1年指标 / 数据不足（729天）无法计算2年指标 / 数据不足（729天）无法计算3年指标 / 无法计算1年期指标
001678,未通过,数据不足（729天）无法计算1年指标 / 数据不足（729天）无法计算2年指标 / 数据不足（729天）无法计算3年指标 / 无法计算1年期指标
001685,未通过,数据不足（729天）无法计算1年指标 / 数据不足（729天）无法计算2年指标 / 数据不足（729天）无法计算3年指标 / 无法计算1年期指标
001692,未通过,数据不足（729天）无法计算1年指标 / 数据不足（729天）无法计算2年指标 / 数据不足（729天）无法计算3年指标 / 无法计算1年期指标
001703,未通过,数据不足（729天）无法计算1年指标 / 数据不足（729天）无法计算2年指标 / 数据不足（729天）无法计算3年指标 / 无法计算1年期指标
001705,未通过,数据不足（729天）无法计算1年指标 / 数据不足（729天）无法计算2年指标 / 数据不足（729天）无法计算3年指标 / 无法计算1年期指标
001707,未通过,数据不足（729天）无法计算1年指标 / 数据不足（729天）无法计算2年指标 / 数据不足（729天）无法计算3年指标 / 无法计算1年期指标
001714,未通过,数据不足（729天）无法计算1年指标 / 数据不足（729天）无法计算2年指标 / 数据不足（729天）无法计算3年指标 / 无法计算1年期指标
001717,未通过,数据不足（729天）无法计算1年指标 / 数据不足（729天）无法计算2年指标 / 数据不足（729天）无法计算3年指标 / 无法计算1年期指标
001718,未通过,数据不足（729天）无法计算1年指标 / 数据不足（729天）无法计算2年指标 / 数据不足（729天）无法计算3年指标 / 无法计算1年期指标
001719,未通过,数据不足（729天）无法计算1年指标 / 数据不足（729天）无法计算2年指标 / 数据不足（729天）无法计算3年指标 / 无法计算1年期指标
001725,未通过,数据不足（729天）无法计算1年指标 / 数据不足（729天）无法计算2年指标 / 数据不足（729天）无法计算3年指标 / 无法计算1年期指标
001726,未通过,数据不足（729天）无法计算1年指标 / 数据不足（729天）无法计算2年指标 / 数据不足（729天）无法计算3年指标 / 无法计算1年期指标
001736,未通过,数据不足（729天）无法计算1年指标 / 数据不足（729天）无法计算2年指标 / 数据不足（729天）无法计算3年指标 / 无法计算1年期指标
001749,未通过,数据不足（729天）无法计算1年指标 / 数据不足（729天）无法计算2年指标 / 数据不足（729天）无法计算3年指标 / 无法计算1年期指标
001764,未通过,数据不足（729天）无法计算1年指标 / 数据不足（729天）无法计算2年指标 / 数据不足（729天）无法计算3年指标 / 无法计算1年期指标
001766,未通过,数据不足（729天）无法计算1年指标 / 数据不足（729天）无法计算2年指标 / 数据不足（729天）无法计算3年指标 / 无法计算1年期指标
001781,未通过,数据不足（729天）无法计算1年指标 / 数据不足（729天）无法计算2年指标 / 数据不足（729天）无法计算3年指标 / 无法计算1年期指标
001790,未通过,数据不足（729天）无法计算1年指标 / 数据不足（729天）无法计算2年指标 / 数据不足（729天）无法计算3年指标 / 无法计算1年期指标
001825,未通过,数据不足（729天）无法计算1年指标 / 数据不足（729天）无法计算2年指标 / 数据不足（729天）无法计算3年指标 / 无法计算1年期指标
001849,未通过,数据不足（729天）无法计算1年指标 / 数据不足（729天）无法计算2年指标 / 数据不足（729天）无法计算3年指标 / 无法计算1年期指标
001877,未通过,数据不足（729天）无法计算1年指标 / 数据不足（729天）无法计算2年指标 / 数据不足（729天）无法计算3年指标 / 无法计算1年期指标
001878,未通过,数据不足（729天）无法计算1年指标 / 数据不足（729天）无法计算2年指标 / 数据不足（729天）无法计算3年指标 / 无法计算1年期指标
001915,未通过,数据不足（729天）无法计算1年指标 / 数据不足（729天）无法计算2年指标 / 数据不足（729天）无法计算3年指标 / 无法计算1年期指标
001917,未通过,数据不足（729天）无法计算1年指标 / 数据不足（729天）无法计算2年指标 / 数据不足（729天）无法计算3年指标 / 无法计算1年期指标
001938,未通过,数据不足（729天）无法计算1年指标 / 数据不足（729天）无法计算2年指标 / 数据不足（729天）无法计算3年指标 / 无法计算1年期指标
001956,未通过,数据不足（729天）无法计算1年指标 / 数据不足（729天）无法计算2年指标 / 数据不足（729天）无法计算3年指标 / 无法计算1年期指标
001974,未通过,数据不足（729天）无法计算1年指标 / 数据不足（729天）无法计算2年指标 / 数据不足（729天）无法计算3年指标 / 无法计算1年期指标
001975,未通过,数据不足（729天）无法计算1年指标 / 数据不足（729天）无法计算2年指标 / 数据不足（729天）无法计算3年指标 / 无法计算1年期指标
002121,未通过,数据不足（729天）无法计算1年指标 / 数据不足（729天）无法计算2年指标 / 数据不足（729天）无法计算3年指标 / 无法计算1年期指标
002168,未通过,数据不足（729天）无法计算1年指标 / 数据不足（729天）无法计算2年指标 / 数据不足（729天）无法计算3年指标 / 无法计算1年期指标
002210,未通过,数据不足（729天）无法计算1年指标 / 数据不足（729天）无法计算2年指标 / 数据不足（729天）无法计算3年指标 / 无法计算1年期指标
002229,未通过,数据不足（729天）无法计算1年指标 / 数据不足（729天）无法计算2年指标 / 数据不足（729天）无法计算3年指标 / 无法计算1年期指标
002289,未通过,数据不足（729天）无法计算1年指标 / 数据不足（729天）无法计算2年指标 / 数据不足（729天）无法计算3年指标 / 无法计算1年期指标
002300,未通过,数据不足（729天）无法计算1年指标 / 数据不足（729天）无法计算2年指标 / 数据不足（729天）无法计算3年指标 / 无法计算1年期指标
002332,未通过,数据不足（729天）无法计算1年指标 / 数据不足（729天）无法计算2年指标 / 数据不足（729天）无法计算3年指标 / 无法计算1年期指标
002333,未通过,数据不足（729天）无法计算1年指标 / 数据不足（729天）无法计算2年指标 / 数据不足（729天）无法计算3年指标 / 无法计算1年期指标
002334,未通过,数据不足（729天）无法计算1年指标 / 数据不足（729天）无法计算2年指标 / 数据不足（729天）无法计算3年指标 / 无法计算1年期指标
002335,未通过,数据不足（729天）无法计算1年指标 / 数据不足（729天）无法计算2年指标 / 数据不足（729天）无法计算3年指标 / 无法计算1年期指标
002387,未通过,数据不足（729天）无法计算1年指标 / 数据不足（729天）无法计算2年指标 / 数据不足（729天）无法计算3年指标 / 无法计算1年期指标
002556,未通过,数据不足（729天）无法计算1年指标 / 数据不足（729天）无法计算2年指标 / 数据不足（729天）无法计算3年指标 / 无法计算1年期指标
002595,未通过,数据不足（729天）无法计算1年指标 / 数据不足（729天）无法计算2年指标 / 数据不足（729天）无法计算3年指标 / 无法计算1年期指标
002621,未通过,数据不足（729天）无法计算1年指标 / 数据不足（729天）无法计算2年指标 / 数据不足（729天）无法计算3年指标 / 无法计算1年期指标
002697,未通过,数据不足（729天）无法计算1年指标 / 数据不足（729天）无法计算2年指标 / 数据不足（729天）无法计算3年指标 / 无法计算1年期指标
002861,未通过,数据不足（729天）无法计算1年指标 / 数据不足（729天）无法计算2年指标 / 数据不足（729天）无法计算3年指标 / 无法计算1年期指标
002871,未通过,数据不足（729天）无法计算1年指标 / 数据不足（729天）无法计算2年指标 / 数据不足（729天）无法计算3年指标 / 无法计算1年期指标
002872,未通过,数据不足（729天）无法计算1年指标 / 数据不足（729天）无法计算2年指标 / 数据不足（729天）无法计算3年指标 / 无法计算1年期指标
002952,未通过,数据不足（729天）无法计算1年指标 / 数据不足（729天）无法计算2年指标 / 数据不足（729天）无法计算3年指标 / 无法计算1年期指标
002980,未通过,数据不足（729天）无法计算1年指标 / 数据不足（729天）无法计算2年指标 / 数据不足（729天）无法计算3年指标 / 无法计算1年期指标
003053,未通过,数据不足（729天）无法计算1年指标 / 数据不足（729天）无法计算2年指标 / 数据不足（729天）无法计算3年指标 / 无法计算1年期指标
003054,未通过,数据不足（729天）无法计算1年指标 / 数据不足（729天）无法计算2年指标 / 数据不足（729天）无法计算3年指标 / 无法计算1年期指标
003069,未通过,数据不足（729天）无法计算1年指标 / 数据不足（729天）无法计算2年指标 / 数据不足（729天）无法计算3年指标 / 无法计算1年期指标
003070,未通过,数据不足（729天）无法计算1年指标 / 数据不足（729天）无法计算2年指标 / 数据不足（729天）无法计算3年指标 / 无法计算1年期指标
003145,未通过,数据不足（729天）无法计算1年指标 / 数据不足（729天）无法计算2年指标 / 数据不足（729天）无法计算3年指标 / 无法计算1年期指标
003190,未通过,数据不足（729天）无法计算1年指标 / 数据不足（729天）无法计算2年指标 / 数据不足（729天）无法计算3年指标 / 无法计算1年期指标
003191,未通过,数据不足（729天）无法计算1年指标 / 数据不足（729天）无法计算2年指标 / 数据不足（729天）无法计算3年指标 / 无法计算1年期指标
003230,未通过,数据不足（729天）无法计算1年指标 / 数据不足（729天）无法计算2年指标 / 数据不足（729天）无法计算3年指标 / 无法计算1年期指标
003231,未通过,数据不足（729天）无法计算1年指标 / 数据不足（729天）无法计算2年指标 / 数据不足（729天）无法计算3年指标 / 无法计算1年期指标
003298,未通过,数据不足（729天）无法计算1年指标 / 数据不足（729天）无法计算2年指标 / 数据不足（729天）无法计算3年指标 / 无法计算1年期指标
003299,未通过,数据不足（729天）无法计算1年指标 / 数据不足（729天）无法计算2年指标 / 数据不足（729天）无法计算3年指标 / 无法计算1年期指标
003624,未通过,数据不足（729天）无法计算1年指标 / 数据不足（729天）无法计算2年指标 / 数据不足（729天）无法计算3年指标 / 无法计算1年期指标
003625,未通过,数据不足（729天）无法计算1年指标 / 数据不足（729天）无法计算2年指标 / 数据不足（729天）无法计算3年指标 / 无法计算1年期指标
003634,未通过,数据不足（729天）无法计算1年指标 / 数据不足（729天）无法计算2年指标 / 数据不足（729天）无法计算3年指标 / 无法计算1年期指标
003745,未通过,数据不足（729天）无法计算1年指标 / 数据不足（729天）无法计算2年指标 / 数据不足（729天）无法计算3年指标 / 无法计算1年期指标
003834,未通过,数据不足（729天）无法计算1年指标 / 数据不足（729天）无法计算2年指标 / 数据不足（729天）无法计算3年指标 / 无法计算1年期指标
003853,未通过,数据不足（729天）无法计算1年指标 / 数据不足（729天）无法计算2年指标 / 数据不足（729天）无法计算3年指标 / 无法计算1年期指标
003865,未通过,数据不足（729天）无法计算1年指标 / 数据不足（729天）无法计算2年指标 / 数据不足（729天）无法计算3年指标 / 无法计算1年期指标
003956,未通过,数据不足（729天）无法计算1年指标 / 数据不足（729天）无法计算2年指标 / 数据不足（729天）无法计算3年指标 / 无法计算1年期指标
003984,未通过,数据不足（729天）无法计算1年指标 / 数据不足（729天）无法计算2年指标 / 数据不足（729天）无法计算3年指标 / 无法计算1年期指标
003985,未通过,数据不足（729天）无法计算1年指标 / 数据不足（729天）无法计算2年指标 / 数据不足（729天）无法计算3年指标 / 无法计算1年期指标
004040,未通过,数据不足（729天）无法计算1年指标 / 数据不足（729天）无法计算2年指标 / 数据不足（729天）无法计算3年指标 / 无法计算1年期指标
004041,未通过,数据不足（729天）无法计算1年指标 / 数据不足（729天）无法计算2年指标 / 数据不足（729天）无法计算3年指标 / 无法计算1年期指标
004075,未通过,数据不足（729天）无法计算1年指标 / 数据不足（729天）无法计算2年指标 / 数据不足（729天）无法计算3年指标 / 无法计算1年期指标
004098,未通过,数据不足（729天）无法计算1年指标 / 数据不足（729天）无法计算2年指标 / 数据不足（729天）无法计算3年指标 / 无法计算1年期指标
004189,未通过,数据不足（729天）无法计算1年指标 / 数据不足（729天）无法计算2年指标 / 数据不足（729天）无法计算3年指标 / 无法计算1年期指标
004241,未通过,数据不足（729天）无法计算1年指标 / 数据不足（729天）无法计算2年指标 / 数据不足（729天）无法计算3年指标 / 无法计算1年期指标
004292,未通过,数据不足（729天）无法计算1年指标 / 数据不足（729天）无法计算2年指标 / 数据不足（729天）无法计算3年指标 / 无法计算1年期指标
004350,未通过,数据不足（729天）无法计算1年指标 / 数据不足（729天）无法计算2年指标 / 数据不足（729天）无法计算3年指标 / 无法计算1年期指标
004352,未通过,数据不足（729天）无法计算1年指标 / 数据不足（729天）无法计算2年指标 / 数据不足（729天）无法计算3年指标 / 无法计算1年期指标
004403,未通过,数据不足（729天）无法计算1年指标 / 数据不足（729天）无法计算2年指标 / 数据不足（729天）无法计算3年指标 / 无法计算1年期指标
004404,未通过,数据不足（729天）无法计算1年指标 / 数据不足（729天）无法计算2年指标 / 数据不足（729天）无法计算3年指标 / 无法计算1年期指标
004450,未通过,数据不足（729天）无法计算1年指标 / 数据不足（729天）无法计算2年指标 / 数据不足（729天）无法计算3年指标 / 无法计算1年期指标
004476,未通过,数据不足（729天）无法计算1年指标 / 数据不足（729天）无法计算2年指标 / 数据不足（729天）无法计算3年指标 / 无法计算1年期指标
004616,未通过,数据不足（729天）无法计算1年指标 / 数据不足（729天）无法计算2年指标 / 数据不足（729天）无法计算3年指标 / 无法计算1年期指标
004640,未通过,数据不足（729天）无法计算1年指标 / 数据不足（729天）无法计算2年指标 / 数据不足（729天）无法计算3年指标 / 无法计算1年期指标
004683,未通过,数据不足（729天）无法计算1年指标 / 数据不足（729天）无法计算2年指标 / 数据不足（729天）无法计算3年指标 / 无法计算1年期指标
004686,未通过,数据不足（729天）无法计算1年指标 / 数据不足（729天）无法计算2年指标 / 数据不足（729天）无法计算3年指标 / 无法计算1年期指标
004698,未通过,数据不足（729天）无法计算1年指标 / 数据不足（729天）无法计算2年指标 / 数据不足（729天）无法计算3年指标 / 无法计算1年期指标
004716,未通过,数据不足（729天）无法计算1年指标 / 数据不足（729天）无法计算2年指标 / 数据不足（729天）无法计算3年指标 / 无法计算1年期指标
004784,未通过,数据不足（729天）无法计算1年指标 / 数据不足（729天）无法计算2年指标 / 数据不足（729天）无法计算3年指标 / 无法计算1年期指标
004805,未通过,数据不足（729天）无法计算1年指标 / 数据不足（729天）无法计算2年指标 / 数据不足（729天）无法计算3年指标 / 无法计算1年期指标
004812,未通过,数据不足（729天）无法计算1年指标 / 数据不足（729天）无法计算2年指标 / 数据不足（729天）无法计算3年指标 / 无法计算1年期指标
004813,未通过,数据不足（729天）无法计算1年指标 / 数据不足（729天）无法计算2年指标 / 数据不足（729天）无法计算3年指标 / 无法计算1年期指标
004851,未通过,数据不足（729天）无法计算1年指标 / 数据不足（729天）无法计算2年指标 / 数据不足（729天）无法计算3年指标 / 无法计算1年期指标
004858,未通过,数据不足（729天）无法计算1年指标 / 数据不足（729天）无法计算2年指标 / 数据不足（729天）无法计算3年指标 / 无法计算1年期指标
004925,未通过,数据不足（729天）无法计算1年指标 / 数据不足（729天）无法计算2年指标 / 数据不足（729天）无法计算3年指标 / 无法计算1年期指标
004995,未通过,数据不足（729天）无法计算1年指标 / 数据不足（729天）无法计算2年指标 / 数据不足（729天）无法计算3年指标 / 无法计算1年期指标
004997,未通过,数据不足（729天）无法计算1年指标 / 数据不足（729天）无法计算2年指标 / 数据不足（729天）无法计算3年指标 / 无法计算1年期指标
005009,未通过,数据不足（729天）无法计算1年指标 / 数据不足（729天）无法计算2年指标 / 数据不足（729天）无法计算3年指标 / 无法计算1年期指标
005037,未通过,数据不足（729天）无法计算1年指标 / 数据不足（729天）无法计算2年指标 / 数据不足（729天）无法计算3年指标 / 无法计算1年期指标
005038,未通过,数据不足（729天）无法计算1年指标 / 数据不足（729天）无法计算2年指标 / 数据不足（729天）无法计算3年指标 / 无法计算1年期指标
005106,未通过,数据不足（729天）无法计算1年指标 / 数据不足（729天）无法计算2年指标 / 数据不足（729天）无法计算3年指标 / 无法计算1年期指标
005161,未通过,数据不足（729天）无法计算1年指标 / 数据不足（729天）无法计算2年指标 / 数据不足（729天）无法计算3年指标 / 无法计算1年期指标
005188,未通过,数据不足（729天）无法计算1年指标 / 数据不足（729天）无法计算2年指标 / 数据不足（729天）无法计算3年指标 / 无法计算1年期指标
005189,未通过,数据不足（729天）无法计算1年指标 / 数据不足（729天）无法计算2年指标 / 数据不足（729天）无法计算3年指标 / 无法计算1年期指标
005209,未通过,数据不足（729天）无法计算1年指标 / 数据不足（729天）无法计算2年指标 / 数据不足（729天）无法计算3年指标 / 无法计算1年期指标
005210,未通过,数据不足（729天）无法计算1年指标 / 数据不足（729天）无法计算2年指标 / 数据不足（729天）无法计算3年指标 / 无法计算1年期指标
005235,未通过,数据不足（729天）无法计算1年指标 / 数据不足（729天）无法计算2年指标 / 数据不足（729天）无法计算3年指标 / 无法计算1年期指标
005236,未通过,数据不足（729天）无法计算1年指标 / 数据不足（729天）无法计算2年指标 / 数据不足（729天）无法计算3年指标 / 无法计算1年期指标
005237,未通过,数据不足（729天）无法计算1年指标 / 数据不足（729天）无法计算2年指标 / 数据不足（729天）无法计算3年指标 / 无法计算1年期指标
005238,未通过,数据不足（729天）无法计算1年指标 / 数据不足（729天）无法计算2年指标 / 数据不足（729天）无法计算3年指标 / 无法计算1年期指标
005259,未通过,数据不足（729天）无法计算1年指标 / 数据不足（729天）无法计算2年指标 / 数据不足（729天）无法计算3年指标 / 无法计算1年期指标
005267,未通过,数据不足（729天）无法计算1年指标 / 数据不足（729天）无法计算2年指标 / 数据不足（729天）无法计算3年指标 / 无法计算1年期指标
005268,未通过,数据不足（729天）无法计算1年指标 / 数据不足（729天）无法计算2年指标 / 数据不足（729天）无法计算3年指标 / 无法计算1年期指标
005303,未通过,数据不足（729天）无法计算1年指标 / 数据不足（729天）无法计算2年指标 / 数据不足（729天）无法计算3年指标 / 无法计算1年期指标
005304,未通过,数据不足（729天）无法计算1年指标 / 数据不足（729天）无法计算2年指标 / 数据不足（729天）无法计算3年指标 / 无法计算1年期指标
005310,未通过,数据不足（729天）无法计算1年指标 / 数据不足（729天）无法计算2年指标 / 数据不足（729天）无法计算3年指标 / 无法计算1年期指标
005328,未通过,数据不足（729天）无法计算1年指标 / 数据不足（729天）无法计算2年指标 / 数据不足（729天）无法计算3年指标 / 无法计算1年期指标
005402,未通过,数据不足（729天）无法计算1年指标 / 数据不足（729天）无法计算2年指标 / 数据不足（729天）无法计算3年指标 / 无法计算1年期指标
005433,未通过,数据不足（729天）无法计算1年指标 / 数据不足（729天）无法计算2年指标 / 数据不足（729天）无法计算3年指标 / 无法计算1年期指标
005457,未通过,数据不足（729天）无法计算1年指标 / 数据不足（729天）无法计算2年指标 / 数据不足（729天）无法计算3年指标 / 无法计算1年期指标
005495,未通过,数据不足（729天）无法计算1年指标 / 数据不足（729天）无法计算2年指标 / 数据不足（729天）无法计算3年指标 / 无法计算1年期指标
005496,未通过,数据不足（729天）无法计算1年指标 / 数据不足（729天）无法计算2年指标 / 数据不足（729天）无法计算3年指标 / 无法计算1年期指标
005505,未通过,数据不足（729天）无法计算1年指标 / 数据不足（729天）无法计算2年指标 / 数据不足（729天）无法计算3年指标 / 无法计算1年期指标
005506,未通过,数据不足（729天）无法计算1年指标 / 数据不足（729天）无法计算2年指标 / 数据不足（729天）无法计算3年指标 / 无法计算1年期指标
005569,未通过,数据不足（687天）无法计算1年指标 / 数据不足（687天）无法计算2年指标 / 数据不足（687天）无法计算3年指标 / 无法计算1年期指标
005570,未通过,数据不足（688天）无法计算1年指标 / 数据不足（688天）无法计算2年指标 / 数据不足（688天）无法计算3年指标 / 无法计算1年期指标
005612,未通过,数据不足（729天）无法计算1年指标 / 数据不足（729天）无法计算2年指标 / 数据不足（729天）无法计算3年指标 / 无法计算1年期指标
005620,未通过,数据不足（729天）无法计算1年指标 / 数据不足（729天）无法计算2年指标 / 数据不足（729天）无法计算3年指标 / 无法计算1年期指标
005621,未通过,数据不足（729天）无法计算1年指标 / 数据不足（729天）无法计算2年指标 / 数据不足（729天）无法计算3年指标 / 无法计算1年期指标
005628,未通过,数据不足（729天）无法计算1年指标 / 数据不足（729天）无法计算2年指标 / 数据不足（729天）无法计算3年指标 / 无法计算1年期指标
005629,未通过,数据不足（729天）无法计算1年指标 / 数据不足（729天）无法计算2年指标 / 数据不足（729天）无法计算3年指标 / 无法计算1年期指标
005635,未通过,数据不足（729天）无法计算1年指标 / 数据不足（729天）无法计算2年指标 / 数据不足（729天）无法计算3年指标 / 无法计算1年期指标
005636,未通过,数据不足（729天）无法计算1年指标 / 数据不足（729天）无法计算2年指标 / 数据不足（729天）无法计算3年指标 / 无法计算1年期指标
005660,未通过,数据不足（729天）无法计算1年指标 / 数据不足（729天）无法计算2年指标 / 数据不足（729天）无法计算3年指标 / 无法计算1年期指标
005661,未通过,数据不足（729天）无法计算1年指标 / 数据不足（729天）无法计算2年指标 / 数据不足（729天）无法计算3年指标 / 无法计算1年期指标
005662,未通过,数据不足（729天）无法计算1年指标 / 数据不足（729天）无法计算2年指标 / 数据不足（729天）无法计算3年指标 / 无法计算1年期指标
005663,未通过,数据不足（729天）无法计算1年指标 / 数据不足（729天）无法计算2年指标 / 数据不足（729天）无法计算3年指标 / 无法计算1年期指标
005669,未通过,数据不足（729天）无法计算1年指标 / 数据不足（729天）无法计算2年指标 / 数据不足（729天）无法计算3年指标 / 无法计算1年期指标
005707,未通过,数据不足（729天）无法计算1年指标 / 数据不足（729天）无法计算2年指标 / 数据不足（729天）无法计算3年指标 / 无法计算1年期指标
005763,未通过,数据不足（729天）无法计算1年指标 / 数据不足（729天）无法计算2年指标 / 数据不足（729天）无法计算3年指标 / 无法计算1年期指标
005777,未通过,数据不足（729天）无法计算1年指标 / 数据不足（729天）无法计算2年指标 / 数据不足（729天）无法计算3年指标 / 无法计算1年期指标
005802,未通过,数据不足（729天）无法计算1年指标 / 数据不足（729天）无法计算2年指标 / 数据不足（729天）无法计算3年指标 / 无法计算1年期指标
005825,未通过,数据不足（729天）无法计算1年指标 / 数据不足（729天）无法计算2年指标 / 数据不足（729天）无法计算3年指标 / 无法计算1年期指标
005826,未通过,数据不足（729天）无法计算1年指标 / 数据不足（729天）无法计算2年指标 / 数据不足（729天）无法计算3年指标 / 无法计算1年期指标
005885,未通过,数据不足（729天）无法计算1年指标 / 数据不足（729天）无法计算2年指标 / 数据不足（729天）无法计算3年指标 / 无法计算1年期指标
005894,未通过,数据不足（729天）无法计算1年指标 / 数据不足（729天）无法计算2年指标 / 数据不足（729天）无法计算3年指标 / 无法计算1年期指标
005927,未通过,数据不足（729天）无法计算1年指标 / 数据不足（729天）无法计算2年指标 / 数据不足（729天）无法计算3年指标 / 无法计算1年期指标
005928,未通过,数据不足（729天）无法计算1年指标 / 数据不足（729天）无法计算2年指标 / 数据不足（729天）无法计算3年指标 / 无法计算1年期指标
005960,未通过,数据不足（729天）无法计算1年指标 / 数据不足（729天）无法计算2年指标 / 数据不足（729天）无法计算3年指标 / 无法计算1年期指标
005961,未通过,数据不足（729天）无法计算1年指标 / 数据不足（729天）无法计算2年指标 / 数据不足（729天）无法计算3年指标 / 无法计算1年期指标
005962,未通过,数据不足（729天）无法计算1年指标 / 数据不足（729天）无法计算2年指标 / 数据不足（729天）无法计算3年指标 / 无法计算1年期指标
005963,未通过,数据不足（729天）无法计算1年指标 / 数据不足（729天）无法计算2年指标 / 数据不足（729天）无法计算3年指标 / 无法计算1年期指标
005968,未通过,数据不足（729天）无法计算1年指标 / 数据不足（729天）无法计算2年指标 / 数据不足（729天）无法计算3年指标 / 无法计算1年期指标
005969,未通过,数据不足（729天）无法计算1年指标 / 数据不足（729天）无法计算2年指标 / 数据不足（729天）无法计算3年指标 / 无法计算1年期指标
005970,未通过,数据不足（729天）无法计算1年指标 / 数据不足（729天）无法计算2年指标 / 数据不足（729天）无法计算3年指标 / 无法计算1年期指标
005983,未通过,数据不足（729天）无法计算1年指标 / 数据不足（729天）无法计算2年指标 / 数据不足（729天）无法计算3年指标 / 无法计算1年期指标
006002,未通过,数据不足（729天）无法计算1年指标 / 数据不足（729天）无法计算2年指标 / 数据不足（729天）无法计算3年指标 / 无法计算1年期指标
006003,未通过,数据不足（729天）无法计算1年指标 / 数据不足（729天）无法计算2年指标 / 数据不足（729天）无法计算3年指标 / 无法计算1年期指标
006080,未通过,数据不足（729天）无法计算1年指标 / 数据不足（729天）无法计算2年指标 / 数据不足（729天）无法计算3年指标 / 无法计算1年期指标
006081,未通过,数据不足（729天）无法计算1年指标 / 数据不足（729天）无法计算2年指标 / 数据不足（729天）无法计算3年指标 / 无法计算1年期指标
006106,未通过,数据不足（729天）无法计算1年指标 / 数据不足（729天）无法计算2年指标 / 数据不足（729天）无法计算3年指标 / 无法计算1年期指标
006138,未通过,数据不足（729天）无法计算1年指标 / 数据不足（729天）无法计算2年指标 / 数据不足（729天）无法计算3年指标 / 无法计算1年期指标
006195,未通过,数据不足（729天）无法计算1年指标 / 数据不足（729天）无法计算2年指标 / 数据不足（729天）无法计算3年指标 / 无法计算1年期指标
006228,未通过,数据不足（729天）无法计算1年指标 / 数据不足（729天）无法计算2年指标 / 数据不足（729天）无法计算3年指标 / 无法计算1年期指标
006229,未通过,数据不足（729天）无法计算1年指标 / 数据不足（729天）无法计算2年指标 / 数据不足（729天）无法计算3年指标 / 无法计算1年期指标
006251,未通过,数据不足（729天）无法计算1年指标 / 数据不足（729天）无法计算2年指标 / 数据不足（729天）无法计算3年指标 / 无法计算1年期指标
006257,未通过,数据不足（729天）无法计算1年指标 / 数据不足（729天）无法计算2年指标 / 数据不足（729天）无法计算3年指标 / 无法计算1年期指标
006265,未通过,数据不足（729天）无法计算1年指标 / 数据不足（729天）无法计算2年指标 / 数据不足（729天）无法计算3年指标 / 无法计算1年期指标
006502,未通过,数据不足（729天）无法计算1年指标 / 数据不足（729天）无法计算2年指标 / 数据不足（729天）无法计算3年指标 / 无法计算1年期指标
006503,未通过,数据不足（729天）无法计算1年指标 / 数据不足（729天）无法计算2年指标 / 数据不足（729天）无法计算3年指标 / 无法计算1年期指标
006603,未通过,数据不足（729天）无法计算1年指标 / 数据不足（729天）无法计算2年指标 / 数据不足（729天）无法计算3年指标 / 无法计算1年期指标
006604,未通过,数据不足（729天）无法计算1年指标 / 数据不足（729天）无法计算2年指标 / 数据不足（729天）无法计算3年指标 / 无法计算1年期指标
006605,未通过,数据不足（729天）无法计算1年指标 / 数据不足（729天）无法计算2年指标 / 数据不足（729天）无法计算3年指标 / 无法计算1年期指标
006671,未通过,数据不足（729天）无法计算1年指标 / 数据不足（729天）无法计算2年指标 / 数据不足（729天）无法计算3年指标 / 无法计算1年期指标
006675,未通过,数据不足（729天）无法计算1年指标 / 数据不足（729天）无法计算2年指标 / 数据不足（729天）无法计算3年指标 / 无法计算1年期指标
006676,未通过,数据不足（729天）无法计算1年指标 / 数据不足（729天）无法计算2年指标 / 数据不足（729天）无法计算3年指标 / 无法计算1年期指标
006692,未通过,数据不足（729天）无法计算1年指标 / 数据不足（729天）无法计算2年指标 / 数据不足（729天）无法计算3年指标 / 无法计算1年期指标
006693,未通过,数据不足（729天）无法计算1年指标 / 数据不足（729天）无法计算2年指标 / 数据不足（729天）无法计算3年指标 / 无法计算1年期指标
006751,未通过,数据不足（729天）无法计算1年指标 / 数据不足（729天）无法计算2年指标 / 数据不足（729天）无法计算3年指标 / 无法计算1年期指标
006781,未通过,数据不足（729天）无法计算1年指标 / 数据不足（729天）无法计算2年指标 / 数据不足（729天）无法计算3年指标 / 无法计算1年期指标
006803,未通过,数据不足（729天）无法计算1年指标 / 数据不足（729天）无法计算2年指标 / 数据不足（729天）无法计算3年指标 / 无法计算1年期指标
006868,未通过,数据不足（729天）无法计算1年指标 / 数据不足（729天）无法计算2年指标 / 数据不足（729天）无法计算3年指标 / 无法计算1年期指标
006923,未通过,数据不足（729天）无法计算1年指标 / 数据不足（729天）无法计算2年指标 / 数据不足（729天）无法计算3年指标 / 无法计算1年期指标
006924,未通过,数据不足（729天）无法计算1年指标 / 数据不足（729天）无法计算2年指标 / 数据不足（729天）无法计算3年指标 / 无法计算1年期指标
006926,未通过,数据不足（729天）无法计算1年指标 / 数据不足（729天）无法计算2年指标 / 数据不足（729天）无法计算3年指标 / 无法计算1年期指标
006981,未通过,数据不足（729天）无法计算1年指标 / 数据不足（729天）无法计算2年指标 / 数据不足（729天）无法计算3年指标 / 无法计算1年期指标
007005,未通过,数据不足（729天）无法计算1年指标 / 数据不足（729天）无法计算2年指标 / 数据不足（729天）无法计算3年指标 / 无法计算1年期指标
007130,未通过,数据不足（729天）无法计算1年指标 / 数据不足（729天）无法计算2年指标 / 数据不足（729天）无法计算3年指标 / 无法计算1年期指标
007133,未通过,数据不足（729天）无法计算1年指标 / 数据不足（729天）无法计算2年指标 / 数据不足（729天）无法计算3年指标 / 无法计算1年期指标
007134,未通过,数据不足（729天）无法计算1年指标 / 数据不足（729天）无法计算2年指标 / 数据不足（729天）无法计算3年指标 / 无法计算1年期指标
007137,未通过,数据不足（729天）无法计算1年指标 / 数据不足（729天）无法计算2年指标 / 数据不足（729天）无法计算3年指标 / 无法计算1年期指标
007138,未通过,数据不足（729天）无法计算1年指标 / 数据不足（729天）无法计算2年指标 / 数据不足（729天）无法计算3年指标 / 无法计算1年期指标
007287,未通过,数据不足（729天）无法计算1年指标 / 数据不足（729天）无法计算2年指标 / 数据不足（729天）无法计算3年指标 / 无法计算1年期指标
007288,未通过,数据不足（729天）无法计算1年指标 / 数据不足（729天）无法计算2年指标 / 数据不足（729天）无法计算3年指标 / 无法计算1年期指标
007354,未通过,数据不足（729天）无法计算1年指标 / 数据不足（729天）无法计算2年指标 / 数据不足（729天）无法计算3年指标 / 无法计算1年期指标
007357,未通过,数据不足（729天）无法计算1年指标 / 数据不足（729天）无法计算2年指标 / 数据不足（729天）无法计算3年指标 / 无法计算1年期指标
007388,未通过,数据不足（729天）无法计算1年指标 / 数据不足（729天）无法计算2年指标 / 数据不足（729天）无法计算3年指标 / 无法计算1年期指标
007389,未通过,数据不足（729天）无法计算1年指标 / 数据不足（729天）无法计算2年指标 / 数据不足（729天）无法计算3年指标 / 无法计算1年期指标
007470,未通过,数据不足（729天）无法计算1年指标 / 数据不足（729天）无法计算2年指标 / 数据不足（729天）无法计算3年指标 / 无法计算1年期指标
007471,未通过,数据不足（729天）无法计算1年指标 / 数据不足（729天）无法计算2年指标 / 数据不足（729天）无法计算3年指标 / 无法计算1年期指标
007479,未通过,数据不足（582天）无法计算1年指标 / 数据不足（582天）无法计算2年指标 / 数据不足（582天）无法计算3年指标 / 无法计算1年期指标
007512,未通过,数据不足（729天）无法计算1年指标 / 数据不足（729天）无法计算2年指标 / 数据不足（729天）无法计算3年指标 / 无法计算1年期指标
007523,未通过,数据不足（729天）无法计算1年指标 / 数据不足（729天）无法计算2年指标 / 数据不足（729天）无法计算3年指标 / 无法计算1年期指标
007524,未通过,数据不足（729天）无法计算1年指标 / 数据不足（729天）无法计算2年指标 / 数据不足（729天）无法计算3年指标 / 无法计算1年期指标
007548,未通过,数据不足（729天）无法计算1年指标 / 数据不足（729天）无法计算2年指标 / 数据不足（729天）无法计算3年指标 / 无法计算1年期指标
007586,未通过,数据不足（729天）无法计算1年指标 / 数据不足（729天）无法计算2年指标 / 数据不足（729天）无法计算3年指标 / 无法计算1年期指标
007590,未通过,数据不足（729天）无法计算1年指标 / 数据不足（729天）无法计算2年指标 / 数据不足（729天）无法计算3年指标 / 无法计算1年期指标
007674,未通过,数据不足（729天）无法计算1年指标 / 数据不足（729天）无法计算2年指标 / 数据不足（729天）无法计算3年指标 / 无法计算1年期指标
007675,未通过,数据不足（729天）无法计算1年指标 / 数据不足（729天）无法计算2年指标 / 数据不足（729天）无法计算3年指标 / 无法计算1年期指标
007685,未通过,数据不足（729天）无法计算1年指标 / 数据不足（729天）无法计算2年指标 / 数据不足（729天）无法计算3年指标 / 无法计算1年期指标
007750,未通过,数据不足（729天）无法计算1年指标 / 数据不足（729天）无法计算2年指标 / 数据不足（729天）无法计算3年指标 / 无法计算1年期指标
007831,未通过,数据不足（729天）无法计算1年指标 / 数据不足（729天）无法计算2年指标 / 数据不足（729天）无法计算3年指标 / 无法计算1年期指标
007832,未通过,数据不足（729天）无法计算1年指标 / 数据不足（729天）无法计算2年指标 / 数据不足（729天）无法计算3年指标 / 无法计算1年期指标
007853,未通过,数据不足（729天）无法计算1年指标 / 数据不足（729天）无法计算2年指标 / 数据不足（729天）无法计算3年指标 / 无法计算1年期指标
007903,未通过,数据不足（729天）无法计算1年指标 / 数据不足（729天）无法计算2年指标 / 数据不足（729天）无法计算3年指标 / 无法计算1年期指标
007950,未通过,数据不足（729天）无法计算1年指标 / 数据不足（729天）无法计算2年指标 / 数据不足（729天）无法计算3年指标 / 无法计算1年期指标
007965,未通过,数据不足（730天）无法计算1年指标 / 数据不足（730天）无法计算2年指标 / 数据不足（730天）无法计算3年指标 / 无法计算1年期指标
007966,未通过,数据不足（730天）无法计算1年指标 / 数据不足（730天）无法计算2年指标 / 数据不足（730天）无法计算3年指标 / 无法计算1年期指标
008009,未通过,数据不足（729天）无法计算1年指标 / 数据不足（729天）无法计算2年指标 / 数据不足（729天）无法计算3年指标 / 无法计算1年期指标
008075,未通过,数据不足（729天）无法计算1年指标 / 数据不足（729天）无法计算2年指标 / 数据不足（729天）无法计算3年指标 / 无法计算1年期指标
008076,未通过,数据不足（729天）无法计算1年指标 / 数据不足（729天）无法计算2年指标 / 数据不足（729天）无法计算3年指标 / 无法计算1年期指标
008084,未通过,数据不足（729天）无法计算1年指标 / 数据不足（729天）无法计算2年指标 / 数据不足（729天）无法计算3年指标 / 无法计算1年期指标
008085,未通过,数据不足（729天）无法计算1年指标 / 数据不足（729天）无法计算2年指标 / 数据不足（729天）无法计算3年指标 / 无法计算1年期指标
008107,未通过,数据不足（729天）无法计算1年指标 / 数据不足（729天）无法计算2年指标 / 数据不足（729天）无法计算3年指标 / 无法计算1年期指标
008128,未通过,数据不足（729天）无法计算1年指标 / 数据不足（729天）无法计算2年指标 / 数据不足（729天）无法计算3年指标 / 无法计算1年期指标
008129,未通过,数据不足（729天）无法计算1年指标 / 数据不足（729天）无法计算2年指标 / 数据不足（729天）无法计算3年指标 / 无法计算1年期指标
008134,未通过,数据不足（729天）无法计算1年指标 / 数据不足（729天）无法计算2年指标 / 数据不足（729天）无法计算3年指标 / 无法计算1年期指标
008166,未通过,数据不足（729天）无法计算1年指标 / 数据不足（729天）无法计算2年指标 / 数据不足（729天）无法计算3年指标 / 无法计算1年期指标
008167,未通过,数据不足（729天）无法计算1年指标 / 数据不足（729天）无法计算2年指标 / 数据不足（729天）无法计算3年指标 / 无法计算1年期指标
008177,未通过,数据不足（729天）无法计算1年指标 / 数据不足（729天）无法计算2年指标 / 数据不足（729天）无法计算3年指标 / 无法计算1年期指标
008234,未通过,数据不足（729天）无法计算1年指标 / 数据不足（729天）无法计算2年指标 / 数据不足（729天）无法计算3年指标 / 无法计算1年期指标
008261,未通过,数据不足（729天）无法计算1年指标 / 数据不足（729天）无法计算2年指标 / 数据不足（729天）无法计算3年指标 / 无法计算1年期指标
008262,未通过,数据不足（729天）无法计算1年指标 / 数据不足（729天）无法计算2年指标 / 数据不足（729天）无法计算3年指标 / 无法计算1年期指标
008264,未通过,数据不足（729天）无法计算1年指标 / 数据不足（729天）无法计算2年指标 / 数据不足（729天）无法计算3年指标 / 无法计算1年期指标
008265,未通过,数据不足（729天）无法计算1年指标 / 数据不足（729天）无法计算2年指标 / 数据不足（729天）无法计算3年指标 / 无法计算1年期指标
008283,未通过,数据不足（729天）无法计算1年指标 / 数据不足（729天）无法计算2年指标 / 数据不足（729天）无法计算3年指标 / 无法计算1年期指标
008286,未通过,数据不足（729天）无法计算1年指标 / 数据不足（729天）无法计算2年指标 / 数据不足（729天）无法计算3年指标 / 无法计算1年期指标
008294,未通过,数据不足（729天）无法计算1年指标 / 数据不足（729天）无法计算2年指标 / 数据不足（729天）无法计算3年指标 / 无法计算1年期指标
008295,未通过,数据不足（729天）无法计算1年指标 / 数据不足（729天）无法计算2年指标 / 数据不足（729天）无法计算3年指标 / 无法计算1年期指标
008303,未通过,数据不足（729天）无法计算1年指标 / 数据不足（729天）无法计算2年指标 / 数据不足（729天）无法计算3年指标 / 无法计算1年期指标
008304,未通过,数据不足（729天）无法计算1年指标 / 数据不足（729天）无法计算2年指标 / 数据不足（729天）无法计算3年指标 / 无法计算1年期指标
008314,未通过,数据不足（729天）无法计算1年指标 / 数据不足（729天）无法计算2年指标 / 数据不足（729天）无法计算3年指标 / 无法计算1年期指标
008315,未通过,数据不足（729天）无法计算1年指标 / 数据不足（729天）无法计算2年指标 / 数据不足（729天）无法计算3年指标 / 无法计算1年期指标
008382,未通过,数据不足（729天）无法计算1年指标 / 数据不足（729天）无法计算2年指标 / 数据不足（729天）无法计算3年指标 / 无法计算1年期指标
008412,未通过,数据不足（729天）无法计算1年指标 / 数据不足（729天）无法计算2年指标 / 数据不足（729天）无法计算3年指标 / 无法计算1年期指标
008413,未通过,数据不足（729天）无法计算1年指标 / 数据不足（729天）无法计算2年指标 / 数据不足（729天）无法计算3年指标 / 无法计算1年期指标
008445,未通过,数据不足（729天）无法计算1年指标 / 数据不足（729天）无法计算2年指标 / 数据不足（729天）无法计算3年指标 / 无法计算1年期指标
008537,未通过,数据不足（729天）无法计算1年指标 / 数据不足（729天）无法计算2年指标 / 数据不足（729天）无法计算3年指标 / 无法计算1年期指标
008538,未通过,数据不足（729天）无法计算1年指标 / 数据不足（729天）无法计算2年指标 / 数据不足（729天）无法计算3年指标 / 无法计算1年期指标
008618,未通过,数据不足（729天）无法计算1年指标 / 数据不足（729天）无法计算2年指标 / 数据不足（729天）无法计算3年指标 / 无法计算1年期指标
008619,未通过,数据不足（729天）无法计算1年指标 / 数据不足（729天）无法计算2年指标 / 数据不足（729天）无法计算3年指标 / 无法计算1年期指标
008736,未通过,数据不足（729天）无法计算1年指标 / 数据不足（729天）无法计算2年指标 / 数据不足（729天）无法计算3年指标 / 无法计算1年期指标
008737,未通过,数据不足（729天）无法计算1年指标 / 数据不足（729天）无法计算2年指标 / 数据不足（729天）无法计算3年指标 / 无法计算1年期指标
008854,未通过,数据不足（729天）无法计算1年指标 / 数据不足（729天）无法计算2年指标 / 数据不足（729天）无法计算3年指标 / 无法计算1年期指标
008855,未通过,数据不足（729天）无法计算1年指标 / 数据不足（729天）无法计算2年指标 / 数据不足（729天）无法计算3年指标 / 无法计算1年期指标
008860,未通过,数据不足（730天）无法计算1年指标 / 数据不足（730天）无法计算2年指标 / 数据不足（730天）无法计算3年指标 / 无法计算1年期指标
008871,未通过,数据不足（729天）无法计算1年指标 / 数据不足（729天）无法计算2年指标 / 数据不足（729天）无法计算3年指标 / 无法计算1年期指标
008872,未通过,数据不足（729天）无法计算1年指标 / 数据不足（729天）无法计算2年指标 / 数据不足（729天）无法计算3年指标 / 无法计算1年期指标
008923,未通过,数据不足（729天）无法计算1年指标 / 数据不足（729天）无法计算2年指标 / 数据不足（729天）无法计算3年指标 / 无法计算1年期指标
008924,未通过,数据不足（729天）无法计算1年指标 / 数据不足（729天）无法计算2年指标 / 数据不足（729天）无法计算3年指标 / 无法计算1年期指标
008934,未通过,数据不足（729天）无法计算1年指标 / 数据不足（729天）无法计算2年指标 / 数据不足（729天）无法计算3年指标 / 无法计算1年期指标
008935,未通过,数据不足（729天）无法计算1年指标 / 数据不足（729天）无法计算2年指标 / 数据不足（729天）无法计算3年指标 / 无法计算1年期指标
008958,未通过,数据不足（729天）无法计算1年指标 / 数据不足（729天）无法计算2年指标 / 数据不足（729天）无法计算3年指标 / 无法计算1年期指标
009017,未通过,数据不足（729天）无法计算1年指标 / 数据不足（729天）无法计算2年指标 / 数据不足（729天）无法计算3年指标 / 无法计算1年期指标
009043,未通过,数据不足（729天）无法计算1年指标 / 数据不足（729天）无法计算2年指标 / 数据不足（729天）无法计算3年指标 / 无法计算1年期指标
009069,未通过,数据不足（729天）无法计算1年指标 / 数据不足（729天）无法计算2年指标 / 数据不足（729天）无法计算3年指标 / 无法计算1年期指标
009070,未通过,数据不足（729天）无法计算1年指标 / 数据不足（729天）无法计算2年指标 / 数据不足（729天）无法计算3年指标 / 无法计算1年期指标
009106,未通过,数据不足（729天）无法计算1年指标 / 数据不足（729天）无法计算2年指标 / 数据不足（729天）无法计算3年指标 / 无法计算1年期指标
009107,未通过,数据不足（729天）无法计算1年指标 / 数据不足（729天）无法计算2年指标 / 数据不足（729天）无法计算3年指标 / 无法计算1年期指标
009126,未通过,数据不足（729天）无法计算1年指标 / 数据不足（729天）无法计算2年指标 / 数据不足（729天）无法计算3年指标 / 无法计算1年期指标
009127,未通过,数据不足（729天）无法计算1年指标 / 数据不足（729天）无法计算2年指标 / 数据不足（729天）无法计算3年指标 / 无法计算1年期指标
009147,未通过,数据不足（729天）无法计算1年指标 / 数据不足（729天）无法计算2年指标 / 数据不足（729天）无法计算3年指标 / 无法计算1年期指标
009162,未通过,数据不足（729天）无法计算1年指标 / 数据不足（729天）无法计算2年指标 / 数据不足（729天）无法计算3年指标 / 无法计算1年期指标
009163,未通过,数据不足（729天）无法计算1年指标 / 数据不足（729天）无法计算2年指标 / 数据不足（729天）无法计算3年指标 / 无法计算1年期指标
009240,未通过,数据不足（729天）无法计算1年指标 / 数据不足（729天）无法计算2年指标 / 数据不足（729天）无法计算3年指标 / 无法计算1年期指标
009265,未通过,数据不足（729天）无法计算1年指标 / 数据不足（729天）无法计算2年指标 / 数据不足（729天）无法计算3年指标 / 无法计算1年期指标
009341,未通过,数据不足（729天）无法计算1年指标 / 数据不足（729天）无法计算2年指标 / 数据不足（729天）无法计算3年指标 / 无法计算1年期指标
009379,未通过,数据不足（729天）无法计算1年指标 / 数据不足（729天）无法计算2年指标 / 数据不足（729天）无法计算3年指标 / 无法计算1年期指标
009398,未通过,数据不足（729天）无法计算1年指标 / 数据不足（729天）无法计算2年指标 / 数据不足（729天）无法计算3年指标 / 无法计算1年期指标
009414,未通过,数据不足（729天）无法计算1年指标 / 数据不足（729天）无法计算2年指标 / 数据不足（729天）无法计算3年指标 / 无法计算1年期指标
009476,未通过,数据不足（729天）无法计算1年指标 / 数据不足（729天）无法计算2年指标 / 数据不足（729天）无法计算3年指标 / 无法计算1年期指标
009491,未通过,数据不足（729天）无法计算1年指标 / 数据不足（729天）无法计算2年指标 / 数据不足（729天）无法计算3年指标 / 无法计算1年期指标
009492,未通过,数据不足（729天）无法计算1年指标 / 数据不足（729天）无法计算2年指标 / 数据不足（729天）无法计算3年指标 / 无法计算1年期指标
009537,未通过,数据不足（729天）无法计算1年指标 / 数据不足（729天）无法计算2年指标 / 数据不足（729天）无法计算3年指标 / 无法计算1年期指标
009538,未通过,数据不足（729天）无法计算1年指标 / 数据不足（729天）无法计算2年指标 / 数据不足（729天）无法计算3年指标 / 无法计算1年期指标
009550,未通过,数据不足（729天）无法计算1年指标 / 数据不足（729天）无法计算2年指标 / 数据不足（729天）无法计算3年指标 / 无法计算1年期指标
009551,未通过,数据不足（729天）无法计算1年指标 / 数据不足（729天）无法计算2年指标 / 数据不足（729天）无法计算3年指标 / 无法计算1年期指标
009557,未通过,数据不足（729天）无法计算1年指标 / 数据不足（729天）无法计算2年指标 / 数据不足（729天）无法计算3年指标 / 无法计算1年期指标
009601,未通过,数据不足（729天）无法计算1年指标 / 数据不足（729天）无法计算2年指标 / 数据不足（729天）无法计算3年指标 / 无法计算1年期指标
009602,未通过,数据不足（729天）无法计算1年指标 / 数据不足（729天）无法计算2年指标 / 数据不足（729天）无法计算3年指标 / 无法计算1年期指标
009658,未通过,数据不足（729天）无法计算1年指标 / 数据不足（729天）无法计算2年指标 / 数据不足（729天）无法计算3年指标 / 无法计算1年期指标
009775,未通过,数据不足（729天）无法计算1年指标 / 数据不足（729天）无法计算2年指标 / 数据不足（729天）无法计算3年指标 / 无法计算1年期指标
009794,未通过,数据不足（729天）无法计算1年指标 / 数据不足（729天）无法计算2年指标 / 数据不足（729天）无法计算3年指标 / 无法计算1年期指标
009805,未通过,数据不足（729天）无法计算1年指标 / 数据不足（729天）无法计算2年指标 / 数据不足（729天）无法计算3年指标 / 无法计算1年期指标
009852,未通过,数据不足（729天）无法计算1年指标 / 数据不足（729天）无法计算2年指标 / 数据不足（729天）无法计算3年指标 / 无法计算1年期指标
009863,未通过,数据不足（729天）无法计算1年指标 / 数据不足（729天）无法计算2年指标 / 数据不足（729天）无法计算3年指标 / 无法计算1年期指标
009864,未通过,数据不足（729天）无法计算1年指标 / 数据不足（729天）无法计算2年指标 / 数据不足（729天）无法计算3年指标 / 无法计算1年期指标
009865,未通过,数据不足（729天）无法计算1年指标 / 数据不足（729天）无法计算2年指标 / 数据不足（729天）无法计算3年指标 / 无法计算1年期指标
009874,未通过,数据不足（729天）无法计算1年指标 / 数据不足（729天）无法计算2年指标 / 数据不足（729天）无法计算3年指标 / 无法计算1年期指标
009875,未通过,数据不足（729天）无法计算1年指标 / 数据不足（729天）无法计算2年指标 / 数据不足（729天）无法计算3年指标 / 无法计算1年期指标
009876,未通过,数据不足（729天）无法计算1年指标 / 数据不足（729天）无法计算2年指标 / 数据不足（729天）无法计算3年指标 / 无法计算1年期指标
009877,未通过,数据不足（729天）无法计算1年指标 / 数据不足（729天）无法计算2年指标 / 数据不足（729天）无法计算3年指标 / 无法计算1年期指标
009891,未通过,数据不足（729天）无法计算1年指标 / 数据不足（729天）无法计算2年指标 / 数据不足（729天）无法计算3年指标 / 无法计算1年期指标
009896,未通过,数据不足（729天）无法计算1年指标 / 数据不足（729天）无法计算2年指标 / 数据不足（729天）无法计算3年指标 / 无法计算1年期指标
009897,未通过,数据不足（729天）无法计算1年指标 / 数据不足（729天）无法计算2年指标 / 数据不足（729天）无法计算3年指标 / 无法计算1年期指标
009898,未通过,数据不足（730天）无法计算1年指标 / 数据不足（730天）无法计算2年指标 / 数据不足（730天）无法计算3年指标 / 无法计算1年期指标
009899,未通过,数据不足（729天）无法计算1年指标 / 数据不足（729天）无法计算2年指标 / 数据不足（729天）无法计算3年指标 / 无法计算1年期指标
009954,未通过,数据不足（729天）无法计算1年指标 / 数据不足（729天）无法计算2年指标 / 数据不足（729天）无法计算3年指标 / 无法计算1年期指标
009988,未通过,数据不足（729天）无法计算1年指标 / 数据不足（729天）无法计算2年指标 / 数据不足（729天）无法计算3年指标 / 无法计算1年期指标
010003,未通过,数据不足（729天）无法计算1年指标 / 数据不足（729天）无法计算2年指标 / 数据不足（729天）无法计算3年指标 / 无法计算1年期指标
010004,未通过,数据不足（729天）无法计算1年指标 / 数据不足（729天）无法计算2年指标 / 数据不足（729天）无法计算3年指标 / 无法计算1年期指标
010010,未通过,数据不足（729天）无法计算1年指标 / 数据不足（729天）无法计算2年指标 / 数据不足（729天）无法计算3年指标 / 无法计算1年期指标
010013,未通过,数据不足（729天）无法计算1年指标 / 数据不足（729天）无法计算2年指标 / 数据不足（729天）无法计算3年指标 / 无法计算1年期指标
010024,未通过,数据不足（729天）无法计算1年指标 / 数据不足（729天）无法计算2年指标 / 数据不足（729天）无法计算3年指标 / 无法计算1年期指标
010112,未通过,数据不足（729天）无法计算1年指标 / 数据不足（729天）无法计算2年指标 / 数据不足（729天）无法计算3年指标 / 无法计算1年期指标
010113,未通过,数据不足（729天）无法计算1年指标 / 数据不足（729天）无法计算2年指标 / 数据不足（729天）无法计算3年指标 / 无法计算1年期指标
010120,未通过,数据不足（729天）无法计算1年指标 / 数据不足（729天）无法计算2年指标 / 数据不足（729天）无法计算3年指标 / 无法计算1年期指标
010121,未通过,数据不足（729天）无法计算1年指标 / 数据不足（729天）无法计算2年指标 / 数据不足（729天）无法计算3年指标 / 无法计算1年期指标
010128,未通过,数据不足（729天）无法计算1年指标 / 数据不足（729天）无法计算2年指标 / 数据不足（729天）无法计算3年指标 / 无法计算1年期指标
010129,未通过,数据不足（729天）无法计算1年指标 / 数据不足（729天）无法计算2年指标 / 数据不足（729天）无法计算3年指标 / 无法计算1年期指标
010141,未通过,数据不足（729天）无法计算1年指标 / 数据不足（729天）无法计算2年指标 / 数据不足（729天）无法计算3年指标 / 无法计算1年期指标
010142,未通过,数据不足（729天）无法计算1年指标 / 数据不足（729天）无法计算2年指标 / 数据不足（729天）无法计算3年指标 / 无法计算1年期指标
010160,未通过,数据不足（729天）无法计算1年指标 / 数据不足（729天）无法计算2年指标 / 数据不足（729天）无法计算3年指标 / 无法计算1年期指标
010161,未通过,数据不足（729天）无法计算1年指标 / 数据不足（729天）无法计算2年指标 / 数据不足（729天）无法计算3年指标 / 无法计算1年期指标
010162,未通过,数据不足（729天）无法计算1年指标 / 数据不足（729天）无法计算2年指标 / 数据不足（729天）无法计算3年指标 / 无法计算1年期指标
010196,未通过,数据不足（729天）无法计算1年指标 / 数据不足（729天）无法计算2年指标 / 数据不足（729天）无法计算3年指标 / 无法计算1年期指标
010197,未通过,数据不足（729天）无法计算1年指标 / 数据不足（729天）无法计算2年指标 / 数据不足（729天）无法计算3年指标 / 无法计算1年期指标
010204,未通过,数据不足（729天）无法计算1年指标 / 数据不足（729天）无法计算2年指标 / 数据不足（729天）无法计算3年指标 / 无法计算1年期指标
010235,未通过,数据不足（729天）无法计算1年指标 / 数据不足（729天）无法计算2年指标 / 数据不足（729天）无法计算3年指标 / 无法计算1年期指标
010236,未通过,数据不足（729天）无法计算1年指标 / 数据不足（729天）无法计算2年指标 / 数据不足（729天）无法计算3年指标 / 无法计算1年期指标
010245,未通过,数据不足（729天）无法计算1年指标 / 数据不足（729天）无法计算2年指标 / 数据不足（729天）无法计算3年指标 / 无法计算1年期指标
010321,未通过,数据不足（729天）无法计算1年指标 / 数据不足（729天）无法计算2年指标 / 数据不足（729天）无法计算3年指标 / 无法计算1年期指标
010322,未通过,数据不足（729天）无法计算1年指标 / 数据不足（729天）无法计算2年指标 / 数据不足（729天）无法计算3年指标 / 无法计算1年期指标
010341,未通过,数据不足（729天）无法计算1年指标 / 数据不足（729天）无法计算2年指标 / 数据不足（729天）无法计算3年指标 / 无法计算1年期指标
010342,未通过,数据不足（729天）无法计算1年指标 / 数据不足（729天）无法计算2年指标 / 数据不足（729天）无法计算3年指标 / 无法计算1年期指标
010349,未通过,数据不足（729天）无法计算1年指标 / 数据不足（729天）无法计算2年指标 / 数据不足（729天）无法计算3年指标 / 无法计算1年期指标
010361,未通过,数据不足（729天）无法计算1年指标 / 数据不足（729天）无法计算2年指标 / 数据不足（729天）无法计算3年指标 / 无法计算1年期指标
010362,未通过,数据不足（729天）无法计算1年指标 / 数据不足（729天）无法计算2年指标 / 数据不足（729天）无法计算3年指标 / 无法计算1年期指标
010387,未通过,数据不足（729天）无法计算1年指标 / 数据不足（729天）无法计算2年指标 / 数据不足（729天）无法计算3年指标 / 无法计算1年期指标
010388,未通过,数据不足（729天）无法计算1年指标 / 数据不足（729天）无法计算2年指标 / 数据不足（729天）无法计算3年指标 / 无法计算1年期指标
010391,未通过,数据不足（729天）无法计算1年指标 / 数据不足（729天）无法计算2年指标 / 数据不足（729天）无法计算3年指标 / 无法计算1年期指标
010392,未通过,数据不足（729天）无法计算1年指标 / 数据不足（729天）无法计算2年指标 / 数据不足（729天）无法计算3年指标 / 无法计算1年期指标
010409,未通过,数据不足（729天）无法计算1年指标 / 数据不足（729天）无法计算2年指标 / 数据不足（729天）无法计算3年指标 / 无法计算1年期指标
010420,未通过,数据不足（730天）无法计算1年指标 / 数据不足（730天）无法计算2年指标 / 数据不足（730天）无法计算3年指标 / 无法计算1年期指标
010434,未通过,数据不足（729天）无法计算1年指标 / 数据不足（729天）无法计算2年指标 / 数据不足（729天）无法计算3年指标 / 无法计算1年期指标
010469,未通过,数据不足（729天）无法计算1年指标 / 数据不足（729天）无法计算2年指标 / 数据不足（729天）无法计算3年指标 / 无法计算1年期指标
010470,未通过,数据不足（729天）无法计算1年指标 / 数据不足（729天）无法计算2年指标 / 数据不足（729天）无法计算3年指标 / 无法计算1年期指标
010495,未通过,数据不足（729天）无法计算1年指标 / 数据不足（729天）无法计算2年指标 / 数据不足（729天）无法计算3年指标 / 无法计算1年期指标
010496,未通过,数据不足（729天）无法计算1年指标 / 数据不足（729天）无法计算2年指标 / 数据不足（729天）无法计算3年指标 / 无法计算1年期指标
010505,未通过,数据不足（729天）无法计算1年指标 / 数据不足（729天）无法计算2年指标 / 数据不足（729天）无法计算3年指标 / 无法计算1年期指标
010585,未通过,数据不足（729天）无法计算1年指标 / 数据不足（729天）无法计算2年指标 / 数据不足（729天）无法计算3年指标 / 无法计算1年期指标
010586,未通过,数据不足（729天）无法计算1年指标 / 数据不足（729天）无法计算2年指标 / 数据不足（729天）无法计算3年指标 / 无法计算1年期指标
010592,未通过,数据不足（729天）无法计算1年指标 / 数据不足（729天）无法计算2年指标 / 数据不足（729天）无法计算3年指标 / 无法计算1年期指标
010593,未通过,数据不足（729天）无法计算1年指标 / 数据不足（729天）无法计算2年指标 / 数据不足（729天）无法计算3年指标 / 无法计算1年期指标
010680,未通过,数据不足（729天）无法计算1年指标 / 数据不足（729天）无法计算2年指标 / 数据不足（729天）无法计算3年指标 / 无法计算1年期指标
010681,未通过,数据不足（729天）无法计算1年指标 / 数据不足（729天）无法计算2年指标 / 数据不足（729天）无法计算3年指标 / 无法计算1年期指标
010685,未通过,数据不足（729天）无法计算1年指标 / 数据不足（729天）无法计算2年指标 / 数据不足（729天）无法计算3年指标 / 无法计算1年期指标
010687,未通过,数据不足（729天）无法计算1年指标 / 数据不足（729天）无法计算2年指标 / 数据不足（729天）无法计算3年指标 / 无法计算1年期指标
010703,未通过,数据不足（729天）无法计算1年指标 / 数据不足（729天）无法计算2年指标 / 数据不足（729天）无法计算3年指标 / 无法计算1年期指标
010704,未通过,数据不足（729天）无法计算1年指标 / 数据不足（729天）无法计算2年指标 / 数据不足（729天）无法计算3年指标 / 无法计算1年期指标
010709,未通过,数据不足（729天）无法计算1年指标 / 数据不足（729天）无法计算2年指标 / 数据不足（729天）无法计算3年指标 / 无法计算1年期指标
010710,未通过,数据不足（729天）无法计算1年指标 / 数据不足（729天）无法计算2年指标 / 数据不足（729天）无法计算3年指标 / 无法计算1年期指标
010801,未通过,数据不足（729天）无法计算1年指标 / 数据不足（729天）无法计算2年指标 / 数据不足（729天）无法计算3年指标 / 无法计算1年期指标
010802,未通过,数据不足（729天）无法计算1年指标 / 数据不足（729天）无法计算2年指标 / 数据不足（729天）无法计算3年指标 / 无法计算1年期指标
010812,未通过,数据不足（729天）无法计算1年指标 / 数据不足（729天）无法计算2年指标 / 数据不足（729天）无法计算3年指标 / 无法计算1年期指标
010815,未通过,数据不足（729天）无法计算1年指标 / 数据不足（729天）无法计算2年指标 / 数据不足（729天）无法计算3年指标 / 无法计算1年期指标
010892,未通过,数据不足（729天）无法计算1年指标 / 数据不足（729天）无法计算2年指标 / 数据不足（729天）无法计算3年指标 / 无法计算1年期指标
010893,未通过,数据不足（729天）无法计算1年指标 / 数据不足（729天）无法计算2年指标 / 数据不足（729天）无法计算3年指标 / 无法计算1年期指标
010896,未通过,数据不足（729天）无法计算1年指标 / 数据不足（729天）无法计算2年指标 / 数据不足（729天）无法计算3年指标 / 无法计算1年期指标
010897,未通过,数据不足（729天）无法计算1年指标 / 数据不足（729天）无法计算2年指标 / 数据不足（729天）无法计算3年指标 / 无法计算1年期指标
010998,未通过,数据不足（729天）无法计算1年指标 / 数据不足（729天）无法计算2年指标 / 数据不足（729天）无法计算3年指标 / 无法计算1年期指标
011013,未通过,数据不足（729天）无法计算1年指标 / 数据不足（729天）无法计算2年指标 / 数据不足（729天）无法计算3年指标 / 无法计算1年期指标
011014,未通过,数据不足（729天）无法计算1年指标 / 数据不足（729天）无法计算2年指标 / 数据不足（729天）无法计算3年指标 / 无法计算1年期指标
011042,未通过,数据不足（729天）无法计算1年指标 / 数据不足（729天）无法计算2年指标 / 数据不足（729天）无法计算3年指标 / 无法计算1年期指标
011043,未通过,数据不足（729天）无法计算1年指标 / 数据不足（729天）无法计算2年指标 / 数据不足（729天）无法计算3年指标 / 无法计算1年期指标
011066,未通过,数据不足（729天）无法计算1年指标 / 数据不足（729天）无法计算2年指标 / 数据不足（729天）无法计算3年指标 / 无法计算1年期指标
011077,未通过,数据不足（729天）无法计算1年指标 / 数据不足（729天）无法计算2年指标 / 数据不足（729天）无法计算3年指标 / 无法计算1年期指标
011104,未通过,数据不足（729天）无法计算1年指标 / 数据不足（729天）无法计算2年指标 / 数据不足（729天）无法计算3年指标 / 无法计算1年期指标
011107,未通过,数据不足（729天）无法计算1年指标 / 数据不足（729天）无法计算2年指标 / 数据不足（729天）无法计算3年指标 / 无法计算1年期指标
011108,未通过,数据不足（729天）无法计算1年指标 / 数据不足（729天）无法计算2年指标 / 数据不足（729天）无法计算3年指标 / 无法计算1年期指标
011122,未通过,数据不足（729天）无法计算1年指标 / 数据不足（729天）无法计算2年指标 / 数据不足（729天）无法计算3年指标 / 无法计算1年期指标
011123,未通过,数据不足（729天）无法计算1年指标 / 数据不足（729天）无法计算2年指标 / 数据不足（729天）无法计算3年指标 / 无法计算1年期指标
011125,未通过,数据不足（729天）无法计算1年指标 / 数据不足（729天）无法计算2年指标 / 数据不足（729天）无法计算3年指标 / 无法计算1年期指标
011126,未通过,数据不足（729天）无法计算1年指标 / 数据不足（729天）无法计算2年指标 / 数据不足（729天）无法计算3年指标 / 无法计算1年期指标
011142,未通过,数据不足（729天）无法计算1年指标 / 数据不足（729天）无法计算2年指标 / 数据不足（729天）无法计算3年指标 / 无法计算1年期指标
011143,未通过,数据不足（729天）无法计算1年指标 / 数据不足（729天）无法计算2年指标 / 数据不足（729天）无法计算3年指标 / 无法计算1年期指标
011146,未通过,数据不足（729天）无法计算1年指标 / 数据不足（729天）无法计算2年指标 / 数据不足（729天）无法计算3年指标 / 无法计算1年期指标
011147,未通过,数据不足（729天）无法计算1年指标 / 数据不足（729天）无法计算2年指标 / 数据不足（729天）无法计算3年指标 / 无法计算1年期指标
011149,未通过,数据不足（729天）无法计算1年指标 / 数据不足（729天）无法计算2年指标 / 数据不足（729天）无法计算3年指标 / 无法计算1年期指标
011150,未通过,数据不足（729天）无法计算1年指标 / 数据不足（729天）无法计算2年指标 / 数据不足（729天）无法计算3年指标 / 无法计算1年期指标
011220,未通过,数据不足（729天）无法计算1年指标 / 数据不足（729天）无法计算2年指标 / 数据不足（729天）无法计算3年指标 / 无法计算1年期指标
011221,未通过,数据不足（729天）无法计算1年指标 / 数据不足（729天）无法计算2年指标 / 数据不足（729天）无法计算3年指标 / 无法计算1年期指标
011224,未通过,数据不足（729天）无法计算1年指标 / 数据不足（729天）无法计算2年指标 / 数据不足（729天）无法计算3年指标 / 无法计算1年期指标
011225,未通过,数据不足（729天）无法计算1年指标 / 数据不足（729天）无法计算2年指标 / 数据不足（729天）无法计算3年指标 / 无法计算1年期指标
011229,未通过,数据不足（729天）无法计算1年指标 / 数据不足（729天）无法计算2年指标 / 数据不足（729天）无法计算3年指标 / 无法计算1年期指标
011230,未通过,数据不足（729天）无法计算1年指标 / 数据不足（729天）无法计算2年指标 / 数据不足（729天）无法计算3年指标 / 无法计算1年期指标
011236,未通过,数据不足（729天）无法计算1年指标 / 数据不足（729天）无法计算2年指标 / 数据不足（729天）无法计算3年指标 / 无法计算1年期指标
011237,未通过,数据不足（729天）无法计算1年指标 / 数据不足（729天）无法计算2年指标 / 数据不足（729天）无法计算3年指标 / 无法计算1年期指标
011269,未通过,数据不足（729天）无法计算1年指标 / 数据不足（729天）无法计算2年指标 / 数据不足（729天）无法计算3年指标 / 无法计算1年期指标
011270,未通过,数据不足（729天）无法计算1年指标 / 数据不足（729天）无法计算2年指标 / 数据不足（729天）无法计算3年指标 / 无法计算1年期指标
011285,未通过,数据不足（730天）无法计算1年指标 / 数据不足（730天）无法计算2年指标 / 数据不足（730天）无法计算3年指标 / 无法计算1年期指标
011286,未通过,数据不足（730天）无法计算1年指标 / 数据不足（730天）无法计算2年指标 / 数据不足（730天）无法计算3年指标 / 无法计算1年期指标
011295,未通过,数据不足（729天）无法计算1年指标 / 数据不足（729天）无法计算2年指标 / 数据不足（729天）无法计算3年指标 / 无法计算1年期指标
011321,未通过,数据不足（729天）无法计算1年指标 / 数据不足（729天）无法计算2年指标 / 数据不足（729天）无法计算3年指标 / 无法计算1年期指标
011322,未通过,数据不足（729天）无法计算1年指标 / 数据不足（729天）无法计算2年指标 / 数据不足（729天）无法计算3年指标 / 无法计算1年期指标
011323,未通过,数据不足（729天）无法计算1年指标 / 数据不足（729天）无法计算2年指标 / 数据不足（729天）无法计算3年指标 / 无法计算1年期指标
011326,未通过,数据不足（729天）无法计算1年指标 / 数据不足（729天）无法计算2年指标 / 数据不足（729天）无法计算3年指标 / 无法计算1年期指标
011328,未通过,数据不足（729天）无法计算1年指标 / 数据不足（729天）无法计算2年指标 / 数据不足（729天）无法计算3年指标 / 无法计算1年期指标
011329,未通过,数据不足（729天）无法计算1年指标 / 数据不足（729天）无法计算2年指标 / 数据不足（729天）无法计算3年指标 / 无法计算1年期指标
011349,未通过,数据不足（729天）无法计算1年指标 / 数据不足（729天）无法计算2年指标 / 数据不足（729天）无法计算3年指标 / 无法计算1年期指标
011350,未通过,数据不足（729天）无法计算1年指标 / 数据不足（729天）无法计算2年指标 / 数据不足（729天）无法计算3年指标 / 无法计算1年期指标
011373,未通过,数据不足（729天）无法计算1年指标 / 数据不足（729天）无法计算2年指标 / 数据不足（729天）无法计算3年指标 / 无法计算1年期指标
011374,未通过,数据不足（729天）无法计算1年指标 / 数据不足（729天）无法计算2年指标 / 数据不足（729天）无法计算3年指标 / 无法计算1年期指标
011377,未通过,数据不足（729天）无法计算1年指标 / 数据不足（729天）无法计算2年指标 / 数据不足（729天）无法计算3年指标 / 无法计算1年期指标
011378,未通过,数据不足（729天）无法计算1年指标 / 数据不足（729天）无法计算2年指标 / 数据不足（729天）无法计算3年指标 / 无法计算1年期指标
011384,未通过,数据不足（729天）无法计算1年指标 / 数据不足（729天）无法计算2年指标 / 数据不足（729天）无法计算3年指标 / 无法计算1年期指标
011385,未通过,数据不足（729天）无法计算1年指标 / 数据不足（729天）无法计算2年指标 / 数据不足（729天）无法计算3年指标 / 无法计算1年期指标
011418,未通过,数据不足（729天）无法计算1年指标 / 数据不足（729天）无法计算2年指标 / 数据不足（729天）无法计算3年指标 / 无法计算1年期指标
011419,未通过,数据不足（729天）无法计算1年指标 / 数据不足（729天）无法计算2年指标 / 数据不足（729天）无法计算3年指标 / 无法计算1年期指标
011424,未通过,数据不足（729天）无法计算1年指标 / 数据不足（729天）无法计算2年指标 / 数据不足（729天）无法计算3年指标 / 无法计算1年期指标
011425,未通过,数据不足（729天）无法计算1年指标 / 数据不足（729天）无法计算2年指标 / 数据不足（729天）无法计算3年指标 / 无法计算1年期指标
011426,未通过,数据不足（729天）无法计算1年指标 / 数据不足（729天）无法计算2年指标 / 数据不足（729天）无法计算3年指标 / 无法计算1年期指标
011457,未通过,数据不足（729天）无法计算1年指标 / 数据不足（729天）无法计算2年指标 / 数据不足（729天）无法计算3年指标 / 无法计算1年期指标
011463,未通过,数据不足（729天）无法计算1年指标 / 数据不足（729天）无法计算2年指标 / 数据不足（729天）无法计算3年指标 / 无法计算1年期指标
011470,未通过,数据不足（729天）无法计算1年指标 / 数据不足（729天）无法计算2年指标 / 数据不足（729天）无法计算3年指标 / 无法计算1年期指标
011473,未通过,数据不足（729天）无法计算1年指标 / 数据不足（729天）无法计算2年指标 / 数据不足（729天）无法计算3年指标 / 无法计算1年期指标
011476,未通过,数据不足（729天）无法计算1年指标 / 数据不足（729天）无法计算2年指标 / 数据不足（729天）无法计算3年指标 / 无法计算1年期指标
011478,未通过,数据不足（729天）无法计算1年指标 / 数据不足（729天）无法计算2年指标 / 数据不足（729天）无法计算3年指标 / 无法计算1年期指标
011498,未通过,数据不足（729天）无法计算1年指标 / 数据不足（729天）无法计算2年指标 / 数据不足（729天）无法计算3年指标 / 无法计算1年期指标
011499,未通过,数据不足（729天）无法计算1年指标 / 数据不足（729天）无法计算2年指标 / 数据不足（729天）无法计算3年指标 / 无法计算1年期指标
011506,未通过,数据不足（729天）无法计算1年指标 / 数据不足（729天）无法计算2年指标 / 数据不足（729天）无法计算3年指标 / 无法计算1年期指标
011507,未通过,数据不足（729天）无法计算1年指标 / 数据不足（729天）无法计算2年指标 / 数据不足（729天）无法计算3年指标 / 无法计算1年期指标
011589,未通过,数据不足（729天）无法计算1年指标 / 数据不足（729天）无法计算2年指标 / 数据不足（729天）无法计算3年指标 / 无法计算1年期指标
011590,未通过,数据不足（729天）无法计算1年指标 / 数据不足（729天）无法计算2年指标 / 数据不足（729天）无法计算3年指标 / 无法计算1年期指标
011592,未通过,数据不足（729天）无法计算1年指标 / 数据不足（729天）无法计算2年指标 / 数据不足（729天）无法计算3年指标 / 无法计算1年期指标
011601,未通过,数据不足（729天）无法计算1年指标 / 数据不足（729天）无法计算2年指标 / 数据不足（729天）无法计算3年指标 / 无法计算1年期指标
011602,未通过,数据不足（729天）无法计算1年指标 / 数据不足（729天）无法计算2年指标 / 数据不足（729天）无法计算3年指标 / 无法计算1年期指标
011645,未通过,数据不足（729天）无法计算1年指标 / 数据不足（729天）无法计算2年指标 / 数据不足（729天）无法计算3年指标 / 无法计算1年期指标
011646,未通过,数据不足（729天）无法计算1年指标 / 数据不足（729天）无法计算2年指标 / 数据不足（729天）无法计算3年指标 / 无法计算1年期指标
011651,未通过,数据不足（729天）无法计算1年指标 / 数据不足（729天）无法计算2年指标 / 数据不足（729天）无法计算3年指标 / 无法计算1年期指标
011652,未通过,数据不足（729天）无法计算1年指标 / 数据不足（729天）无法计算2年指标 / 数据不足（729天）无法计算3年指标 / 无法计算1年期指标
011685,未通过,数据不足（729天）无法计算1年指标 / 数据不足（729天）无法计算2年指标 / 数据不足（729天）无法计算3年指标 / 无法计算1年期指标
011686,未通过,数据不足（729天）无法计算1年指标 / 数据不足（729天）无法计算2年指标 / 数据不足（729天）无法计算3年指标 / 无法计算1年期指标
011722,未通过,数据不足（729天）无法计算1年指标 / 数据不足（729天）无法计算2年指标 / 数据不足（729天）无法计算3年指标 / 无法计算1年期指标
011723,未通过,数据不足（729天）无法计算1年指标 / 数据不足（729天）无法计算2年指标 / 数据不足（729天）无法计算3年指标 / 无法计算1年期指标
011726,未通过,数据不足（729天）无法计算1年指标 / 数据不足（729天）无法计算2年指标 / 数据不足（729天）无法计算3年指标 / 无法计算1年期指标
011793,未通过,数据不足（729天）无法计算1年指标 / 数据不足（729天）无法计算2年指标 / 数据不足（729天）无法计算3年指标 / 无法计算1年期指标
011824,未通过,数据不足（729天）无法计算1年指标 / 数据不足（729天）无法计算2年指标 / 数据不足（729天）无法计算3年指标 / 无法计算1年期指标
011825,未通过,数据不足（729天）无法计算1年指标 / 数据不足（729天）无法计算2年指标 / 数据不足（729天）无法计算3年指标 / 无法计算1年期指标
011836,未通过,数据不足（729天）无法计算1年指标 / 数据不足（729天）无法计算2年指标 / 数据不足（729天）无法计算3年指标 / 无法计算1年期指标
011882,未通过,数据不足（729天）无法计算1年指标 / 数据不足（729天）无法计算2年指标 / 数据不足（729天）无法计算3年指标 / 无法计算1年期指标
011883,未通过,数据不足（729天）无法计算1年指标 / 数据不足（729天）无法计算2年指标 / 数据不足（729天）无法计算3年指标 / 无法计算1年期指标
011923,未通过,数据不足（729天）无法计算1年指标 / 数据不足（729天）无法计算2年指标 / 数据不足（729天）无法计算3年指标 / 无法计算1年期指标
011926,未通过,数据不足（729天）无法计算1年指标 / 数据不足（729天）无法计算2年指标 / 数据不足（729天）无法计算3年指标 / 无法计算1年期指标
011934,未通过,数据不足（729天）无法计算1年指标 / 数据不足（729天）无法计算2年指标 / 数据不足（729天）无法计算3年指标 / 无法计算1年期指标
011935,未通过,数据不足（729天）无法计算1年指标 / 数据不足（729天）无法计算2年指标 / 数据不足（729天）无法计算3年指标 / 无法计算1年期指标
012045,未通过,数据不足（729天）无法计算1年指标 / 数据不足（729天）无法计算2年指标 / 数据不足（729天）无法计算3年指标 / 无法计算1年期指标
012046,未通过,数据不足（729天）无法计算1年指标 / 数据不足（729天）无法计算2年指标 / 数据不足（729天）无法计算3年指标 / 无法计算1年期指标
012126,未通过,数据不足（729天）无法计算1年指标 / 数据不足（729天）无法计算2年指标 / 数据不足（729天）无法计算3年指标 / 无法计算1年期指标
012127,未通过,数据不足（729天）无法计算1年指标 / 数据不足（729天）无法计算2年指标 / 数据不足（729天）无法计算3年指标 / 无法计算1年期指标
012181,未通过,数据不足（729天）无法计算1年指标 / 数据不足（729天）无法计算2年指标 / 数据不足（729天）无法计算3年指标 / 无法计算1年期指标
012210,未通过,数据不足（729天）无法计算1年指标 / 数据不足（729天）无法计算2年指标 / 数据不足（729天）无法计算3年指标 / 无法计算1年期指标
012211,未通过,数据不足（729天）无法计算1年指标 / 数据不足（729天）无法计算2年指标 / 数据不足（729天）无法计算3年指标 / 无法计算1年期指标
012214,未通过,数据不足（730天）无法计算1年指标 / 数据不足（730天）无法计算2年指标 / 数据不足（730天）无法计算3年指标 / 无法计算1年期指标
012215,未通过,数据不足（730天）无法计算1年指标 / 数据不足（730天）无法计算2年指标 / 数据不足（730天）无法计算3年指标 / 无法计算1年期指标
012238,未通过,数据不足（729天）无法计算1年指标 / 数据不足（729天）无法计算2年指标 / 数据不足（729天）无法计算3年指标 / 无法计算1年期指标
012244,未通过,数据不足（729天）无法计算1年指标 / 数据不足（729天）无法计算2年指标 / 数据不足（729天）无法计算3年指标 / 无法计算1年期指标
012245,未通过,数据不足（729天）无法计算1年指标 / 数据不足（729天）无法计算2年指标 / 数据不足（729天）无法计算3年指标 / 无法计算1年期指标
012350,未通过,数据不足（579天）无法计算1年指标 / 数据不足（579天）无法计算2年指标 / 数据不足（579天）无法计算3年指标 / 无法计算1年期指标
012351,未通过,数据不足（579天）无法计算1年指标 / 数据不足（579天）无法计算2年指标 / 数据不足（579天）无法计算3年指标 / 无法计算1年期指标
012360,未通过,数据不足（0天 < 365天）
012361,未通过,数据不足（0天 < 365天）
012445,未通过,数据不足（729天）无法计算1年指标 / 数据不足（729天）无法计算2年指标 / 数据不足（729天）无法计算3年指标 / 无法计算1年期指标
012496,未通过,数据不足（729天）无法计算1年指标 / 数据不足（729天）无法计算2年指标 / 数据不足（729天）无法计算3年指标 / 无法计算1年期指标
012497,未通过,数据不足（729天）无法计算1年指标 / 数据不足（729天）无法计算2年指标 / 数据不足（729天）无法计算3年指标 / 无法计算1年期指标
012600,未通过,数据不足（729天）无法计算1年指标 / 数据不足（729天）无法计算2年指标 / 数据不足（729天）无法计算3年指标 / 无法计算1年期指标
012696,未通过,数据不足（729天）无法计算1年指标 / 数据不足（729天）无法计算2年指标 / 数据不足（729天）无法计算3年指标 / 无法计算1年期指标
012697,未通过,数据不足（729天）无法计算1年指标 / 数据不足（729天）无法计算2年指标 / 数据不足（729天）无法计算3年指标 / 无法计算1年期指标
012800,未通过,数据不足（729天）无法计算1年指标 / 数据不足（729天）无法计算2年指标 / 数据不足（729天）无法计算3年指标 / 无法计算1年期指标
012835,未通过,数据不足（729天）无法计算1年指标 / 数据不足（729天）无法计算2年指标 / 数据不足（729天）无法计算3年指标 / 无法计算1年期指标
012836,未通过,数据不足（729天）无法计算1年指标 / 数据不足（729天）无法计算2年指标 / 数据不足（729天）无法计算3年指标 / 无法计算1年期指标
012884,未通过,数据不足（729天）无法计算1年指标 / 数据不足（729天）无法计算2年指标 / 数据不足（729天）无法计算3年指标 / 无法计算1年期指标
012930,未通过,数据不足（729天）无法计算1年指标 / 数据不足（729天）无法计算2年指标 / 数据不足（729天）无法计算3年指标 / 无法计算1年期指标
013004,未通过,数据不足（729天）无法计算1年指标 / 数据不足（729天）无法计算2年指标 / 数据不足（729天）无法计算3年指标 / 无法计算1年期指标
013005,未通过,数据不足（729天）无法计算1年指标 / 数据不足（729天）无法计算2年指标 / 数据不足（729天）无法计算3年指标 / 无法计算1年期指标
013049,未通过,数据不足（729天）无法计算1年指标 / 数据不足（729天）无法计算2年指标 / 数据不足（729天）无法计算3年指标 / 无法计算1年期指标
013050,未通过,数据不足（729天）无法计算1年指标 / 数据不足（729天）无法计算2年指标 / 数据不足（729天）无法计算3年指标 / 无法计算1年期指标
013132,未通过,数据不足（729天）无法计算1年指标 / 数据不足（729天）无法计算2年指标 / 数据不足（729天）无法计算3年指标 / 无法计算1年期指标
013133,未通过,数据不足（729天）无法计算1年指标 / 数据不足（729天）无法计算2年指标 / 数据不足（729天）无法计算3年指标 / 无法计算1年期指标
013151,未通过,数据不足（729天）无法计算1年指标 / 数据不足（729天）无法计算2年指标 / 数据不足（729天）无法计算3年指标 / 无法计算1年期指标
013152,未通过,数据不足（729天）无法计算1年指标 / 数据不足（729天）无法计算2年指标 / 数据不足（729天）无法计算3年指标 / 无法计算1年期指标
013188,未通过,数据不足（729天）无法计算1年指标 / 数据不足（729天）无法计算2年指标 / 数据不足（729天）无法计算3年指标 / 无法计算1年期指标
013242,未通过,数据不足（729天）无法计算1年指标 / 数据不足（729天）无法计算2年指标 / 数据不足（729天）无法计算3年指标 / 无法计算1年期指标
013262,未通过,数据不足（712天）无法计算1年指标 / 数据不足（712天）无法计算2年指标 / 数据不足（712天）无法计算3年指标 / 无法计算1年期指标
013339,未通过,数据不足（729天）无法计算1年指标 / 数据不足（729天）无法计算2年指标 / 数据不足（729天）无法计算3年指标 / 无法计算1年期指标
013340,未通过,数据不足（729天）无法计算1年指标 / 数据不足（729天）无法计算2年指标 / 数据不足（729天）无法计算3年指标 / 无法计算1年期指标
013355,未通过,数据不足（729天）无法计算1年指标 / 数据不足（729天）无法计算2年指标 / 数据不足（729天）无法计算3年指标 / 无法计算1年期指标
013414,未通过,数据不足（729天）无法计算1年指标 / 数据不足（729天）无法计算2年指标 / 数据不足（729天）无法计算3年指标 / 无法计算1年期指标
013465,未通过,数据不足（729天）无法计算1年指标 / 数据不足（729天）无法计算2年指标 / 数据不足（729天）无法计算3年指标 / 无法计算1年期指标
013466,未通过,数据不足（729天）无法计算1年指标 / 数据不足（729天）无法计算2年指标 / 数据不足（729天）无法计算3年指标 / 无法计算1年期指标
013479,未通过,数据不足（729天）无法计算1年指标 / 数据不足（729天）无法计算2年指标 / 数据不足（729天）无法计算3年指标 / 无法计算1年期指标
013490,未通过,数据不足（729天）无法计算1年指标 / 数据不足（729天）无法计算2年指标 / 数据不足（729天）无法计算3年指标 / 无法计算1年期指标
013491,未通过,数据不足（729天）无法计算1年指标 / 数据不足（729天）无法计算2年指标 / 数据不足（729天）无法计算3年指标 / 无法计算1年期指标
013505,未通过,数据不足（729天）无法计算1年指标 / 数据不足（729天）无法计算2年指标 / 数据不足（729天）无法计算3年指标 / 无法计算1年期指标
013511,未通过,数据不足（729天）无法计算1年指标 / 数据不足（729天）无法计算2年指标 / 数据不足（729天）无法计算3年指标 / 无法计算1年期指标
013613,未通过,数据不足（729天）无法计算1年指标 / 数据不足（729天）无法计算2年指标 / 数据不足（729天）无法计算3年指标 / 无法计算1年期指标
013622,未通过,数据不足（729天）无法计算1年指标 / 数据不足（729天）无法计算2年指标 / 数据不足（729天）无法计算3年指标 / 无法计算1年期指标
013641,未通过,数据不足（729天）无法计算1年指标 / 数据不足（729天）无法计算2年指标 / 数据不足（729天）无法计算3年指标 / 无法计算1年期指标
013642,未通过,数据不足（729天）无法计算1年指标 / 数据不足（729天）无法计算2年指标 / 数据不足（729天）无法计算3年指标 / 无法计算1年期指标
013899,未通过,数据不足（729天）无法计算1年指标 / 数据不足（729天）无法计算2年指标 / 数据不足（729天）无法计算3年指标 / 无法计算1年期指标
013900,未通过,数据不足（729天）无法计算1年指标 / 数据不足（729天）无法计算2年指标 / 数据不足（729天）无法计算3年指标 / 无法计算1年期指标
013918,未通过,数据不足（729天）无法计算1年指标 / 数据不足（729天）无法计算2年指标 / 数据不足（729天）无法计算3年指标 / 无法计算1年期指标
013919,未通过,数据不足（729天）无法计算1年指标 / 数据不足（729天）无法计算2年指标 / 数据不足（729天）无法计算3年指标 / 无法计算1年期指标
013940,未通过,数据不足（729天）无法计算1年指标 / 数据不足（729天）无法计算2年指标 / 数据不足（729天）无法计算3年指标 / 无法计算1年期指标
013941,未通过,数据不足（729天）无法计算1年指标 / 数据不足（729天）无法计算2年指标 / 数据不足（729天）无法计算3年指标 / 无法计算1年期指标
014046,未通过,数据不足（729天）无法计算1年指标 / 数据不足（729天）无法计算2年指标 / 数据不足（729天）无法计算3年指标 / 无法计算1年期指标
014052,未通过,数据不足（729天）无法计算1年指标 / 数据不足（729天）无法计算2年指标 / 数据不足（729天）无法计算3年指标 / 无法计算1年期指标
014062,未通过,数据不足（729天）无法计算1年指标 / 数据不足（729天）无法计算2年指标 / 数据不足（729天）无法计算3年指标 / 无法计算1年期指标
014063,未通过,数据不足（729天）无法计算1年指标 / 数据不足（729天）无法计算2年指标 / 数据不足（729天）无法计算3年指标 / 无法计算1年期指标
014064,未通过,数据不足（729天）无法计算1年指标 / 数据不足（729天）无法计算2年指标 / 数据不足（729天）无法计算3年指标 / 无法计算1年期指标
014121,未通过,数据不足（729天）无法计算1年指标 / 数据不足（729天）无法计算2年指标 / 数据不足（729天）无法计算3年指标 / 无法计算1年期指标
014122,未通过,数据不足（729天）无法计算1年指标 / 数据不足（729天）无法计算2年指标 / 数据不足（729天）无法计算3年指标 / 无法计算1年期指标
014139,未通过,数据不足（729天）无法计算1年指标 / 数据不足（729天）无法计算2年指标 / 数据不足（729天）无法计算3年指标 / 无法计算1年期指标
014140,未通过,数据不足（729天）无法计算1年指标 / 数据不足（729天）无法计算2年指标 / 数据不足（729天）无法计算3年指标 / 无法计算1年期指标
014163,未通过,数据不足（729天）无法计算1年指标 / 数据不足（729天）无法计算2年指标 / 数据不足（729天）无法计算3年指标 / 无法计算1年期指标
014185,未通过,数据不足（729天）无法计算1年指标 / 数据不足（729天）无法计算2年指标 / 数据不足（729天）无法计算3年指标 / 无法计算1年期指标
014186,未通过,数据不足（729天）无法计算1年指标 / 数据不足（729天）无法计算2年指标 / 数据不足（729天）无法计算3年指标 / 无法计算1年期指标
014187,未通过,数据不足（729天）无法计算1年指标 / 数据不足（729天）无法计算2年指标 / 数据不足（729天）无法计算3年指标 / 无法计算1年期指标
014188,未通过,数据不足（729天）无法计算1年指标 / 数据不足（729天）无法计算2年指标 / 数据不足（729天）无法计算3年指标 / 无法计算1年期指标
014191,未通过,数据不足（729天）无法计算1年指标 / 数据不足（729天）无法计算2年指标 / 数据不足（729天）无法计算3年指标 / 无法计算1年期指标
014192,未通过,数据不足（729天）无法计算1年指标 / 数据不足（729天）无法计算2年指标 / 数据不足（729天）无法计算3年指标 / 无法计算1年期指标
014198,未通过,数据不足（729天）无法计算1年指标 / 数据不足（729天）无法计算2年指标 / 数据不足（729天）无法计算3年指标 / 无法计算1年期指标
014299,未通过,数据不足（729天）无法计算1年指标 / 数据不足（729天）无法计算2年指标 / 数据不足（729天）无法计算3年指标 / 无法计算1年期指标
014300,未通过,数据不足（729天）无法计算1年指标 / 数据不足（729天）无法计算2年指标 / 数据不足（729天）无法计算3年指标 / 无法计算1年期指标
014341,未通过,数据不足（534天）无法计算1年指标 / 数据不足（534天）无法计算2年指标 / 数据不足（534天）无法计算3年指标 / 无法计算1年期指标
014342,未通过,数据不足（534天）无法计算1年指标 / 数据不足（534天）无法计算2年指标 / 数据不足（534天）无法计算3年指标 / 无法计算1年期指标
014364,未通过,数据不足（729天）无法计算1年指标 / 数据不足（729天）无法计算2年指标 / 数据不足（729天）无法计算3年指标 / 无法计算1年期指标
014376,未通过,数据不足（729天）无法计算1年指标 / 数据不足（729天）无法计算2年指标 / 数据不足（729天）无法计算3年指标 / 无法计算1年期指标
014377,未通过,数据不足（729天）无法计算1年指标 / 数据不足（729天）无法计算2年指标 / 数据不足（729天）无法计算3年指标 / 无法计算1年期指标
014380,未通过,数据不足（729天）无法计算1年指标 / 数据不足（729天）无法计算2年指标 / 数据不足（729天）无法计算3年指标 / 无法计算1年期指标
014382,未通过,数据不足（729天）无法计算1年指标 / 数据不足（729天）无法计算2年指标 / 数据不足（729天）无法计算3年指标 / 无法计算1年期指标
014416,未通过,数据不足（729天）无法计算1年指标 / 数据不足（729天）无法计算2年指标 / 数据不足（729天）无法计算3年指标 / 无法计算1年期指标
014417,未通过,数据不足（729天）无法计算1年指标 / 数据不足（729天）无法计算2年指标 / 数据不足（729天）无法计算3年指标 / 无法计算1年期指标
014453,未通过,数据不足（729天）无法计算1年指标 / 数据不足（729天）无法计算2年指标 / 数据不足（729天）无法计算3年指标 / 无法计算1年期指标
014455,未通过,数据不足（729天）无法计算1年指标 / 数据不足（729天）无法计算2年指标 / 数据不足（729天）无法计算3年指标 / 无法计算1年期指标
014536,未通过,数据不足（729天）无法计算1年指标 / 数据不足（729天）无法计算2年指标 / 数据不足（729天）无法计算3年指标 / 无法计算1年期指标
014589,未通过,数据不足（729天）无法计算1年指标 / 数据不足（729天）无法计算2年指标 / 数据不足（729天）无法计算3年指标 / 无法计算1年期指标
014590,未通过,数据不足（729天）无法计算1年指标 / 数据不足（729天）无法计算2年指标 / 数据不足（729天）无法计算3年指标 / 无法计算1年期指标
014634,未通过,数据不足（729天）无法计算1年指标 / 数据不足（729天）无法计算2年指标 / 数据不足（729天）无法计算3年指标 / 无法计算1年期指标
014635,未通过,数据不足（729天）无法计算1年指标 / 数据不足（729天）无法计算2年指标 / 数据不足（729天）无法计算3年指标 / 无法计算1年期指标
014668,未通过,数据不足（713天）无法计算1年指标 / 数据不足（713天）无法计算2年指标 / 数据不足（713天）无法计算3年指标 / 无法计算1年期指标
014669,未通过,数据不足（713天）无法计算1年指标 / 数据不足（713天）无法计算2年指标 / 数据不足（713天）无法计算3年指标 / 无法计算1年期指标
014736,未通过,数据不足（729天）无法计算1年指标 / 数据不足（729天）无法计算2年指标 / 数据不足（729天）无法计算3年指标 / 无法计算1年期指标
014737,未通过,数据不足（729天）无法计算1年指标 / 数据不足（729天）无法计算2年指标 / 数据不足（729天）无法计算3年指标 / 无法计算1年期指标
014758,未通过,数据不足（730天）无法计算1年指标 / 数据不足（730天）无法计算2年指标 / 数据不足（730天）无法计算3年指标 / 无法计算1年期指标
014863,未通过,数据不足（729天）无法计算1年指标 / 数据不足（729天）无法计算2年指标 / 数据不足（729天）无法计算3年指标 / 无法计算1年期指标
014864,未通过,数据不足（729天）无法计算1年指标 / 数据不足（729天）无法计算2年指标 / 数据不足（729天）无法计算3年指标 / 无法计算1年期指标
014930,未通过,数据不足（729天）无法计算1年指标 / 数据不足（729天）无法计算2年指标 / 数据不足（729天）无法计算3年指标 / 无法计算1年期指标
014932,未通过,数据不足（729天）无法计算1年指标 / 数据不足（729天）无法计算2年指标 / 数据不足（729天）无法计算3年指标 / 无法计算1年期指标
014937,未通过,数据不足（729天）无法计算1年指标 / 数据不足（729天）无法计算2年指标 / 数据不足（729天）无法计算3年指标 / 无法计算1年期指标
014957,未通过,数据不足（729天）无法计算1年指标 / 数据不足（729天）无法计算2年指标 / 数据不足（729天）无法计算3年指标 / 无法计算1年期指标
014958,未通过,数据不足（729天）无法计算1年指标 / 数据不足（729天）无法计算2年指标 / 数据不足（729天）无法计算3年指标 / 无法计算1年期指标
014967,未通过,数据不足（729天）无法计算1年指标 / 数据不足（729天）无法计算2年指标 / 数据不足（729天）无法计算3年指标 / 无法计算1年期指标
015001,未通过,数据不足（729天）无法计算1年指标 / 数据不足（729天）无法计算2年指标 / 数据不足（729天）无法计算3年指标 / 无法计算1年期指标
015002,未通过,数据不足（729天）无法计算1年指标 / 数据不足（729天）无法计算2年指标 / 数据不足（729天）无法计算3年指标 / 无法计算1年期指标
015048,未通过,数据不足（729天）无法计算1年指标 / 数据不足（729天）无法计算2年指标 / 数据不足（729天）无法计算3年指标 / 无法计算1年期指标
015052,未通过,数据不足（729天）无法计算1年指标 / 数据不足（729天）无法计算2年指标 / 数据不足（729天）无法计算3年指标 / 无法计算1年期指标
015053,未通过,数据不足（729天）无法计算1年指标 / 数据不足（729天）无法计算2年指标 / 数据不足（729天）无法计算3年指标 / 无法计算1年期指标
015060,未通过,数据不足（729天）无法计算1年指标 / 数据不足（729天）无法计算2年指标 / 数据不足（729天）无法计算3年指标 / 无法计算1年期指标
015075,未通过,数据不足（729天）无法计算1年指标 / 数据不足（729天）无法计算2年指标 / 数据不足（729天）无法计算3年指标 / 无法计算1年期指标
015114,未通过,数据不足（729天）无法计算1年指标 / 数据不足（729天）无法计算2年指标 / 数据不足（729天）无法计算3年指标 / 无法计算1年期指标
015115,未通过,数据不足（729天）无法计算1年指标 / 数据不足（729天）无法计算2年指标 / 数据不足（729天）无法计算3年指标 / 无法计算1年期指标
015123,未通过,数据不足（729天）无法计算1年指标 / 数据不足（729天）无法计算2年指标 / 数据不足（729天）无法计算3年指标 / 无法计算1年期指标
015124,未通过,数据不足（729天）无法计算1年指标 / 数据不足（729天）无法计算2年指标 / 数据不足（729天）无法计算3年指标 / 无法计算1年期指标
015139,未通过,数据不足（729天）无法计算1年指标 / 数据不足（729天）无法计算2年指标 / 数据不足（729天）无法计算3年指标 / 无法计算1年期指标
015140,未通过,数据不足（729天）无法计算1年指标 / 数据不足（729天）无法计算2年指标 / 数据不足（729天）无法计算3年指标 / 无法计算1年期指标
015145,未通过,数据不足（717天）无法计算1年指标 / 数据不足（717天）无法计算2年指标 / 数据不足（717天）无法计算3年指标 / 无法计算1年期指标
015146,未通过,数据不足（717天）无法计算1年指标 / 数据不足（717天）无法计算2年指标 / 数据不足（717天）无法计算3年指标 / 无法计算1年期指标
015157,未通过,数据不足（729天）无法计算1年指标 / 数据不足（729天）无法计算2年指标 / 数据不足（729天）无法计算3年指标 / 无法计算1年期指标
015159,未通过,数据不足（729天）无法计算1年指标 / 数据不足（729天）无法计算2年指标 / 数据不足（729天）无法计算3年指标 / 无法计算1年期指标
015170,未通过,数据不足（729天）无法计算1年指标 / 数据不足（729天）无法计算2年指标 / 数据不足（729天）无法计算3年指标 / 无法计算1年期指标
015171,未通过,数据不足（729天）无法计算1年指标 / 数据不足（729天）无法计算2年指标 / 数据不足（729天）无法计算3年指标 / 无法计算1年期指标
015172,未通过,数据不足（729天）无法计算1年指标 / 数据不足（729天）无法计算2年指标 / 数据不足（729天）无法计算3年指标 / 无法计算1年期指标
015194,未通过,数据不足（729天）无法计算1年指标 / 数据不足（729天）无法计算2年指标 / 数据不足（729天）无法计算3年指标 / 无法计算1年期指标
015195,未通过,数据不足（729天）无法计算1年指标 / 数据不足（729天）无法计算2年指标 / 数据不足（729天）无法计算3年指标 / 无法计算1年期指标
015196,未通过,数据不足（729天）无法计算1年指标 / 数据不足（729天）无法计算2年指标 / 数据不足（729天）无法计算3年指标 / 无法计算1年期指标
015197,未通过,数据不足（729天）无法计算1年指标 / 数据不足（729天）无法计算2年指标 / 数据不足（729天）无法计算3年指标 / 无法计算1年期指标
015198,未通过,数据不足（729天）无法计算1年指标 / 数据不足（729天）无法计算2年指标 / 数据不足（729天）无法计算3年指标 / 无法计算1年期指标
015199,未通过,数据不足（729天）无法计算1年指标 / 数据不足（729天）无法计算2年指标 / 数据不足（729天）无法计算3年指标 / 无法计算1年期指标
015364,未通过,数据不足（729天）无法计算1年指标 / 数据不足（729天）无法计算2年指标 / 数据不足（729天）无法计算3年指标 / 无法计算1年期指标
015395,未通过,数据不足（729天）无法计算1年指标 / 数据不足（729天）无法计算2年指标 / 数据不足（729天）无法计算3年指标 / 无法计算1年期指标
015408,未通过,数据不足（476天）无法计算1年指标 / 数据不足（476天）无法计算2年指标 / 数据不足（476天）无法计算3年指标 / 无法计算1年期指标
015409,未通过,数据不足（476天）无法计算1年指标 / 数据不足（476天）无法计算2年指标 / 数据不足（476天）无法计算3年指标 / 无法计算1年期指标
015468,未通过,数据不足（729天）无法计算1年指标 / 数据不足（729天）无法计算2年指标 / 数据不足（729天）无法计算3年指标 / 无法计算1年期指标
015475,未通过,数据不足（729天）无法计算1年指标 / 数据不足（729天）无法计算2年指标 / 数据不足（729天）无法计算3年指标 / 无法计算1年期指标
015537,未通过,数据不足（707天）无法计算1年指标 / 数据不足（707天）无法计算2年指标 / 数据不足（707天）无法计算3年指标 / 无法计算1年期指标
015538,未通过,数据不足（707天）无法计算1年指标 / 数据不足（707天）无法计算2年指标 / 数据不足（707天）无法计算3年指标 / 无法计算1年期指标
015588,未通过,数据不足（729天）无法计算1年指标 / 数据不足（729天）无法计算2年指标 / 数据不足（729天）无法计算3年指标 / 无法计算1年期指标
015593,未通过,数据不足（729天）无法计算1年指标 / 数据不足（729天）无法计算2年指标 / 数据不足（729天）无法计算3年指标 / 无法计算1年期指标
015608,未通过,数据不足（729天）无法计算1年指标 / 数据不足（729天）无法计算2年指标 / 数据不足（729天）无法计算3年指标 / 无法计算1年期指标
015627,未通过,数据不足（721天）无法计算1年指标 / 数据不足（721天）无法计算2年指标 / 数据不足（721天）无法计算3年指标 / 无法计算1年期指标
015628,未通过,数据不足（721天）无法计算1年指标 / 数据不足（721天）无法计算2年指标 / 数据不足（721天）无法计算3年指标 / 无法计算1年期指标
015641,未通过,数据不足（729天）无法计算1年指标 / 数据不足（729天）无法计算2年指标 / 数据不足（729天）无法计算3年指标 / 无法计算1年期指标
015642,未通过,数据不足（729天）无法计算1年指标 / 数据不足（729天）无法计算2年指标 / 数据不足（729天）无法计算3年指标 / 无法计算1年期指标
015686,未通过,数据不足（729天）无法计算1年指标 / 数据不足（729天）无法计算2年指标 / 数据不足（729天）无法计算3年指标 / 无法计算1年期指标
015707,未通过,数据不足（678天）无法计算1年指标 / 数据不足（678天）无法计算2年指标 / 数据不足（678天）无法计算3年指标 / 无法计算1年期指标
015708,未通过,数据不足（678天）无法计算1年指标 / 数据不足（678天）无法计算2年指标 / 数据不足（678天）无法计算3年指标 / 无法计算1年期指标
015734,未通过,数据不足（608天）无法计算1年指标 / 数据不足（608天）无法计算2年指标 / 数据不足（608天）无法计算3年指标 / 无法计算1年期指标
015735,未通过,数据不足（608天）无法计算1年指标 / 数据不足（608天）无法计算2年指标 / 数据不足（608天）无法计算3年指标 / 无法计算1年期指标
015754,未通过,数据不足（729天）无法计算1年指标 / 数据不足（729天）无法计算2年指标 / 数据不足（729天）无法计算3年指标 / 无法计算1年期指标
015773,未通过,数据不足（729天）无法计算1年指标 / 数据不足（729天）无法计算2年指标 / 数据不足（729天）无法计算3年指标 / 无法计算1年期指标
015889,未通过,数据不足（688天）无法计算1年指标 / 数据不足（688天）无法计算2年指标 / 数据不足（688天）无法计算3年指标 / 无法计算1年期指标
015890,未通过,数据不足（688天）无法计算1年指标 / 数据不足（688天）无法计算2年指标 / 数据不足（688天）无法计算3年指标 / 无法计算1年期指标
015891,未通过,数据不足（714天）无法计算1年指标 / 数据不足（714天）无法计算2年指标 / 数据不足（714天）无法计算3年指标 / 无法计算1年期指标
015892,未通过,数据不足（714天）无法计算1年指标 / 数据不足（714天）无法计算2年指标 / 数据不足（714天）无法计算3年指标 / 无法计算1年期指标
015904,未通过,数据不足（650天）无法计算1年指标 / 数据不足（650天）无法计算2年指标 / 数据不足（650天）无法计算3年指标 / 无法计算1年期指标
015905,未通过,数据不足（650天）无法计算1年指标 / 数据不足（650天）无法计算2年指标 / 数据不足（650天）无法计算3年指标 / 无法计算1年期指标
016013,未通过,数据不足（659天）无法计算1年指标 / 数据不足（659天）无法计算2年指标 / 数据不足（659天）无法计算3年指标 / 无法计算1年期指标
016014,未通过,数据不足（659天）无法计算1年指标 / 数据不足（659天）无法计算2年指标 / 数据不足（659天）无法计算3年指标 / 无法计算1年期指标
016018,未通过,数据不足（729天）无法计算1年指标 / 数据不足（729天）无法计算2年指标 / 数据不足（729天）无法计算3年指标 / 无法计算1年期指标
016050,未通过,数据不足（729天）无法计算1年指标 / 数据不足（729天）无法计算2年指标 / 数据不足（729天）无法计算3年指标 / 无法计算1年期指标
016052,未通过,数据不足（729天）无法计算1年指标 / 数据不足（729天）无法计算2年指标 / 数据不足（729天）无法计算3年指标 / 无法计算1年期指标
016053,未通过,数据不足（695天）无法计算1年指标 / 数据不足（695天）无法计算2年指标 / 数据不足（695天）无法计算3年指标 / 无法计算1年期指标
016054,未通过,数据不足（695天）无法计算1年指标 / 数据不足（695天）无法计算2年指标 / 数据不足（695天）无法计算3年指标 / 无法计算1年期指标
016073,未通过,数据不足（713天）无法计算1年指标 / 数据不足（713天）无法计算2年指标 / 数据不足（713天）无法计算3年指标 / 无法计算1年期指标
016074,未通过,数据不足（713天）无法计算1年指标 / 数据不足（713天）无法计算2年指标 / 数据不足（713天）无法计算3年指标 / 无法计算1年期指标
016113,未通过,数据不足（711天）无法计算1年指标 / 数据不足（711天）无法计算2年指标 / 数据不足（711天）无法计算3年指标 / 无法计算1年期指标
016114,未通过,数据不足（711天）无法计算1年指标 / 数据不足（711天）无法计算2年指标 / 数据不足（711天）无法计算3年指标 / 无法计算1年期指标
016269,未通过,数据不足（729天）无法计算1年指标 / 数据不足（729天）无法计算2年指标 / 数据不足（729天）无法计算3年指标 / 无法计算1年期指标
016283,未通过,数据不足（729天）无法计算1年指标 / 数据不足（729天）无法计算2年指标 / 数据不足（729天）无法计算3年指标 / 无法计算1年期指标
016291,未通过,数据不足（729天）无法计算1年指标 / 数据不足（729天）无法计算2年指标 / 数据不足（729天）无法计算3年指标 / 无法计算1年期指标
016292,未通过,数据不足（729天）无法计算1年指标 / 数据不足（729天）无法计算2年指标 / 数据不足（729天）无法计算3年指标 / 无法计算1年期指标
016336,未通过,数据不足（642天）无法计算1年指标 / 数据不足（642天）无法计算2年指标 / 数据不足（642天）无法计算3年指标 / 无法计算1年期指标
016337,未通过,数据不足（642天）无法计算1年指标 / 数据不足（642天）无法计算2年指标 / 数据不足（642天）无法计算3年指标 / 无法计算1年期指标
016352,未通过,数据不足（729天）无法计算1年指标 / 数据不足（729天）无法计算2年指标 / 数据不足（729天）无法计算3年指标 / 无法计算1年期指标
016399,未通过,数据不足（729天）无法计算1年指标 / 数据不足（729天）无法计算2年指标 / 数据不足（729天）无法计算3年指标 / 无法计算1年期指标
016401,未通过,数据不足（729天）无法计算1年指标 / 数据不足（729天）无法计算2年指标 / 数据不足（729天）无法计算3年指标 / 无法计算1年期指标
016444,未通过,数据不足（689天）无法计算1年指标 / 数据不足（689天）无法计算2年指标 / 数据不足（689天）无法计算3年指标 / 无法计算1年期指标
016445,未通过,数据不足（689天）无法计算1年指标 / 数据不足（689天）无法计算2年指标 / 数据不足（689天）无法计算3年指标 / 无法计算1年期指标
016449,未通过,数据不足（558天）无法计算1年指标 / 数据不足（558天）无法计算2年指标 / 数据不足（558天）无法计算3年指标 / 无法计算1年期指标
016450,未通过,数据不足（558天）无法计算1年指标 / 数据不足（558天）无法计算2年指标 / 数据不足（558天）无法计算3年指标 / 无法计算1年期指标
016551,未通过,数据不足（681天）无法计算1年指标 / 数据不足（681天）无法计算2年指标 / 数据不足（681天）无法计算3年指标 / 无法计算1年期指标
016552,未通过,数据不足（681天）无法计算1年指标 / 数据不足（681天）无法计算2年指标 / 数据不足（681天）无法计算3年指标 / 无法计算1年期指标
016725,未通过,数据不足（662天）无法计算1年指标 / 数据不足（662天）无法计算2年指标 / 数据不足（662天）无法计算3年指标 / 无法计算1年期指标
016726,未通过,数据不足（662天）无法计算1年指标 / 数据不足（662天）无法计算2年指标 / 数据不足（662天）无法计算3年指标 / 无法计算1年期指标
016847,未通过,数据不足（651天）无法计算1年指标 / 数据不足（651天）无法计算2年指标 / 数据不足（651天）无法计算3年指标 / 无法计算1年期指标
016848,未通过,数据不足（651天）无法计算1年指标 / 数据不足（651天）无法计算2年指标 / 数据不足（651天）无法计算3年指标 / 无法计算1年期指标
016858,未通过,数据不足（711天）无法计算1年指标 / 数据不足（711天）无法计算2年指标 / 数据不足（711天）无法计算3年指标 / 无法计算1年期指标
016919,未通过,数据不足（701天）无法计算1年指标 / 数据不足（701天）无法计算2年指标 / 数据不足（701天）无法计算3年指标 / 无法计算1年期指标
017038,未通过,数据不足（655天）无法计算1年指标 / 数据不足（655天）无法计算2年指标 / 数据不足（655天）无法计算3年指标 / 无法计算1年期指标
017039,未通过,数据不足（655天）无法计算1年指标 / 数据不足（655天）无法计算2年指标 / 数据不足（655天）无法计算3年指标 / 无法计算1年期指标
017073,未通过,数据不足（654天）无法计算1年指标 / 数据不足（654天）无法计算2年指标 / 数据不足（654天）无法计算3年指标 / 无法计算1年期指标
017074,未通过,数据不足（654天）无法计算1年指标 / 数据不足（654天）无法计算2年指标 / 数据不足（654天）无法计算3年指标 / 无法计算1年期指标
017099,未通过,数据不足（691天）无法计算1年指标 / 数据不足（691天）无法计算2年指标 / 数据不足（691天）无法计算3年指标 / 无法计算1年期指标
017132,未通过,数据不足（513天）无法计算1年指标 / 数据不足（513天）无法计算2年指标 / 数据不足（513天）无法计算3年指标 / 无法计算1年期指标
017133,未通过,数据不足（513天）无法计算1年指标 / 数据不足（513天）无法计算2年指标 / 数据不足（513天）无法计算3年指标 / 无法计算1年期指标
017165,未通过,数据不足（569天）无法计算1年指标 / 数据不足（569天）无法计算2年指标 / 数据不足（569天）无法计算3年指标 / 无法计算1年期指标
017166,未通过,数据不足（569天）无法计算1年指标 / 数据不足（569天）无法计算2年指标 / 数据不足（569天）无法计算3年指标 / 无法计算1年期指标
017177,未通过,数据不足（681天）无法计算1年指标 / 数据不足（681天）无法计算2年指标 / 数据不足（681天）无法计算3年指标 / 无法计算1年期指标
017209,未通过,数据不足（688天）无法计算1年指标 / 数据不足（688天）无法计算2年指标 / 数据不足（688天）无法计算3年指标 / 无法计算1年期指标
017210,未通过,数据不足（688天）无法计算1年指标 / 数据不足（688天）无法计算2年指标 / 数据不足（688天）无法计算3年指标 / 无法计算1年期指标
017289,未通过,数据不足（654天）无法计算1年指标 / 数据不足（654天）无法计算2年指标 / 数据不足（654天）无法计算3年指标 / 无法计算1年期指标
017292,未通过,数据不足（0天 < 365天）
017293,未通过,数据不足（0天 < 365天）
017300,未通过,数据不足（547天）无法计算1年指标 / 数据不足（547天）无法计算2年指标 / 数据不足（547天）无法计算3年指标 / 无法计算1年期指标
017301,未通过,数据不足（547天）无法计算1年指标 / 数据不足（547天）无法计算2年指标 / 数据不足（547天）无法计算3年指标 / 无法计算1年期指标
017479,未通过,数据不足（500天）无法计算1年指标 / 数据不足（500天）无法计算2年指标 / 数据不足（500天）无法计算3年指标 / 无法计算1年期指标
017480,未通过,数据不足（500天）无法计算1年指标 / 数据不足（500天）无法计算2年指标 / 数据不足（500天）无法计算3年指标 / 无法计算1年期指标
017488,未通过,数据不足（655天）无法计算1年指标 / 数据不足（655天）无法计算2年指标 / 数据不足（655天）无法计算3年指标 / 无法计算1年期指标
017489,未通过,数据不足（655天）无法计算1年指标 / 数据不足（655天）无法计算2年指标 / 数据不足（655天）无法计算3年指标 / 无法计算1年期指标
017628,未通过,数据不足（664天）无法计算1年指标 / 数据不足（664天）无法计算2年指标 / 数据不足（664天）无法计算3年指标 / 无法计算1年期指标
017650,未通过,数据不足（367天）无法计算1年指标 / 数据不足（367天）无法计算2年指标 / 数据不足（367天）无法计算3年指标 / 无法计算1年期指标
017726,未通过,数据不足（565天）无法计算1年指标 / 数据不足（565天）无法计算2年指标 / 数据不足（565天）无法计算3年指标 / 无法计算1年期指标
017727,未通过,数据不足（565天）无法计算1年指标 / 数据不足（565天）无法计算2年指标 / 数据不足（565天）无法计算3年指标 / 无法计算1年期指标
017744,未通过,数据不足（595天）无法计算1年指标 / 数据不足（595天）无法计算2年指标 / 数据不足（595天）无法计算3年指标 / 无法计算1年期指标
017745,未通过,数据不足（595天）无法计算1年指标 / 数据不足（595天）无法计算2年指标 / 数据不足（595天）无法计算3年指标 / 无法计算1年期指标
017746,未通过,数据不足（545天）无法计算1年指标 / 数据不足（545天）无法计算2年指标 / 数据不足（545天）无法计算3年指标 / 无法计算1年期指标
017747,未通过,数据不足（545天）无法计算1年指标 / 数据不足（545天）无法计算2年指标 / 数据不足（545天）无法计算3年指标 / 无法计算1年期指标
017824,未通过,数据不足（440天）无法计算1年指标 / 数据不足（440天）无法计算2年指标 / 数据不足（440天）无法计算3年指标 / 无法计算1年期指标
017825,未通过,数据不足（440天）无法计算1年指标 / 数据不足（440天）无法计算2年指标 / 数据不足（440天）无法计算3年指标 / 无法计算1年期指标
017870,未通过,数据不足（631天）无法计算1年指标 / 数据不足（631天）无法计算2年指标 / 数据不足（631天）无法计算3年指标 / 无法计算1年期指标
017900,未通过,数据不足（626天）无法计算1年指标 / 数据不足（626天）无法计算2年指标 / 数据不足（626天）无法计算3年指标 / 无法计算1年期指标
017916,未通过,数据不足（627天）无法计算1年指标 / 数据不足（627天）无法计算2年指标 / 数据不足（627天）无法计算3年指标 / 无法计算1年期指标
017921,未通过,数据不足（615天）无法计算1年指标 / 数据不足（615天）无法计算2年指标 / 数据不足（615天）无法计算3年指标 / 无法计算1年期指标
017931,未通过,数据不足（533天）无法计算1年指标 / 数据不足（533天）无法计算2年指标 / 数据不足（533天）无法计算3年指标 / 无法计算1年期指标
017932,未通过,数据不足（533天）无法计算1年指标 / 数据不足（533天）无法计算2年指标 / 数据不足（533天）无法计算3年指标 / 无法计算1年期指标
017946,未通过,数据不足（601天）无法计算1年指标 / 数据不足（601天）无法计算2年指标 / 数据不足（601天）无法计算3年指标 / 无法计算1年期指标
017948,未通过,数据不足（606天）无法计算1年指标 / 数据不足（606天）无法计算2年指标 / 数据不足（606天）无法计算3年指标 / 无法计算1年期指标
017967,未通过,数据不足（622天）无法计算1年指标 / 数据不足（622天）无法计算2年指标 / 数据不足（622天）无法计算3年指标 / 无法计算1年期指标
018009,未通过,数据不足（617天）无法计算1年指标 / 数据不足（617天）无法计算2年指标 / 数据不足（617天）无法计算3年指标 / 无法计算1年期指标
018023,未通过,数据不足（616天）无法计算1年指标 / 数据不足（616天）无法计算2年指标 / 数据不足（616天）无法计算3年指标 / 无法计算1年期指标
018045,未通过,数据不足（557天）无法计算1年指标 / 数据不足（557天）无法计算2年指标 / 数据不足（557天）无法计算3年指标 / 无法计算1年期指标
018046,未通过,数据不足（557天）无法计算1年指标 / 数据不足（557天）无法计算2年指标 / 数据不足（557天）无法计算3年指标 / 无法计算1年期指标
018048,未通过,数据不足（528天）无法计算1年指标 / 数据不足（528天）无法计算2年指标 / 数据不足（528天）无法计算3年指标 / 无法计算1年期指标
018049,未通过,数据不足（528天）无法计算1年指标 / 数据不足（528天）无法计算2年指标 / 数据不足（528天）无法计算3年指标 / 无法计算1年期指标
018194,未通过,数据不足（498天）无法计算1年指标 / 数据不足（498天）无法计算2年指标 / 数据不足（498天）无法计算3年指标 / 无法计算1年期指标
018195,未通过,数据不足（498天）无法计算1年指标 / 数据不足（498天）无法计算2年指标 / 数据不足（498天）无法计算3年指标 / 无法计算1年期指标
018240,未通过,数据不足（475天）无法计算1年指标 / 数据不足（475天）无法计算2年指标 / 数据不足（475天）无法计算3年指标 / 无法计算1年期指标
018241,未通过,数据不足（475天）无法计算1年指标 / 数据不足（475天）无法计算2年指标 / 数据不足（475天）无法计算3年指标 / 无法计算1年期指标
018462,未通过,数据不足（570天）无法计算1年指标 / 数据不足（570天）无法计算2年指标 / 数据不足（570天）无法计算3年指标 / 无法计算1年期指标
018495,未通过,数据不足（566天）无法计算1年指标 / 数据不足（566天）无法计算2年指标 / 数据不足（566天）无法计算3年指标 / 无法计算1年期指标
018589,未通过,数据不足（558天）无法计算1年指标 / 数据不足（558天）无法计算2年指标 / 数据不足（558天）无法计算3年指标 / 无法计算1年期指标
018650,未通过,数据不足（532天）无法计算1年指标 / 数据不足（532天）无法计算2年指标 / 数据不足（532天）无法计算3年指标 / 无法计算1年期指标
018695,未通过,数据不足（543天）无法计算1年指标 / 数据不足（543天）无法计算2年指标 / 数据不足（543天）无法计算3年指标 / 无法计算1年期指标
018728,未通过,数据不足（522天）无法计算1年指标 / 数据不足（522天）无法计算2年指标 / 数据不足（522天）无法计算3年指标 / 无法计算1年期指标
018729,未通过,数据不足（522天）无法计算1年指标 / 数据不足（522天）无法计算2年指标 / 数据不足（522天）无法计算3年指标 / 无法计算1年期指标
018817,未通过,数据不足（527天）无法计算1年指标 / 数据不足（527天）无法计算2年指标 / 数据不足（527天）无法计算3年指标 / 无法计算1年期指标
018861,未通过,数据不足（530天）无法计算1年指标 / 数据不足（530天）无法计算2年指标 / 数据不足（530天）无法计算3年指标 / 无法计算1年期指标
018971,未通过,数据不足（460天）无法计算1年指标 / 数据不足（460天）无法计算2年指标 / 数据不足（460天）无法计算3年指标 / 无法计算1年期指标
018972,未通过,数据不足（460天）无法计算1年指标 / 数据不足（460天）无法计算2年指标 / 数据不足（460天）无法计算3年指标 / 无法计算1年期指标
018998,未通过,数据不足（513天）无法计算1年指标 / 数据不足（513天）无法计算2年指标 / 数据不足（513天）无法计算3年指标 / 无法计算1年期指标
019024,未通过,数据不足（444天）无法计算1年指标 / 数据不足（444天）无法计算2年指标 / 数据不足（444天）无法计算3年指标 / 无法计算1年期指标
019026,未通过,数据不足（464天）无法计算1年指标 / 数据不足（464天）无法计算2年指标 / 数据不足（464天）无法计算3年指标 / 无法计算1年期指标
019079,未通过,数据不足（385天）无法计算1年指标 / 数据不足（385天）无法计算2年指标 / 数据不足（385天）无法计算3年指标 / 无法计算1年期指标
019080,未通过,数据不足（385天）无法计算1年指标 / 数据不足（385天）无法计算2年指标 / 数据不足（385天）无法计算3年指标 / 无法计算1年期指标
019093,未通过,数据不足（506天）无法计算1年指标 / 数据不足（506天）无法计算2年指标 / 数据不足（506天）无法计算3年指标 / 无法计算1年期指标
019117,未通过,数据不足（501天）无法计算1年指标 / 数据不足（501天）无法计算2年指标 / 数据不足（501天）无法计算3年指标 / 无法计算1年期指标
019124,未通过,数据不足（442天）无法计算1年指标 / 数据不足（442天）无法计算2年指标 / 数据不足（442天）无法计算3年指标 / 无法计算1年期指标
019125,未通过,数据不足（442天）无法计算1年指标 / 数据不足（442天）无法计算2年指标 / 数据不足（442天）无法计算3年指标 / 无法计算1年期指标
019206,未通过,数据不足（492天）无法计算1年指标 / 数据不足（492天）无法计算2年指标 / 数据不足（492天）无法计算3年指标 / 无法计算1年期指标
019243,未通过,数据不足（447天）无法计算1年指标 / 数据不足（447天）无法计算2年指标 / 数据不足（447天）无法计算3年指标 / 无法计算1年期指标
019272,未通过,数据不足（486天）无法计算1年指标 / 数据不足（486天）无法计算2年指标 / 数据不足（486天）无法计算3年指标 / 无法计算1年期指标
019306,未通过,数据不足（487天）无法计算1年指标 / 数据不足（487天）无法计算2年指标 / 数据不足（487天）无法计算3年指标 / 无法计算1年期指标
019338,未通过,数据不足（474天）无法计算1年指标 / 数据不足（474天）无法计算2年指标 / 数据不足（474天）无法计算3年指标 / 无法计算1年期指标
019339,未通过,数据不足（474天）无法计算1年指标 / 数据不足（474天）无法计算2年指标 / 数据不足（474天）无法计算3年指标 / 无法计算1年期指标
019457,未通过,数据不足（444天）无法计算1年指标 / 数据不足（444天）无法计算2年指标 / 数据不足（444天）无法计算3年指标 / 无法计算1年期指标
019458,未通过,数据不足（444天）无法计算1年指标 / 数据不足（444天）无法计算2年指标 / 数据不足（444天）无法计算3年指标 / 无法计算1年期指标
019484,未通过,数据不足（482天）无法计算1年指标 / 数据不足（482天）无法计算2年指标 / 数据不足（482天）无法计算3年指标 / 无法计算1年期指标
019505,未通过,数据不足（382天）无法计算1年指标 / 数据不足（382天）无法计算2年指标 / 数据不足（382天）无法计算3年指标 / 无法计算1年期指标
019506,未通过,数据不足（382天）无法计算1年指标 / 数据不足（382天）无法计算2年指标 / 数据不足（382天）无法计算3年指标 / 无法计算1年期指标
019561,未通过,数据不足（407天）无法计算1年指标 / 数据不足（407天）无法计算2年指标 / 数据不足（407天）无法计算3年指标 / 无法计算1年期指标
019562,未通过,数据不足（407天）无法计算1年指标 / 数据不足（407天）无法计算2年指标 / 数据不足（407天）无法计算3年指标 / 无法计算1年期指标
019607,未通过,数据不足（474天）无法计算1年指标 / 数据不足（474天）无法计算2年指标 / 数据不足（474天）无法计算3年指标 / 无法计算1年期指标
019717,未通过,数据不足（454天）无法计算1年指标 / 数据不足（454天）无法计算2年指标 / 数据不足（454天）无法计算3年指标 / 无法计算1年期指标
019759,未通过,数据不足（441天）无法计算1年指标 / 数据不足（441天）无法计算2年指标 / 数据不足（441天）无法计算3年指标 / 无法计算1年期指标
019764,未通过,数据不足（441天）无法计算1年指标 / 数据不足（441天）无法计算2年指标 / 数据不足（441天）无法计算3年指标 / 无法计算1年期指标
019765,未通过,数据不足（444天）无法计算1年指标 / 数据不足（444天）无法计算2年指标 / 数据不足（444天）无法计算3年指标 / 无法计算1年期指标
019766,未通过,数据不足（444天）无法计算1年指标 / 数据不足（444天）无法计算2年指标 / 数据不足（444天）无法计算3年指标 / 无法计算1年期指标
019824,未通过,数据不足（436天）无法计算1年指标 / 数据不足（436天）无法计算2年指标 / 数据不足（436天）无法计算3年指标 / 无法计算1年期指标
019825,未通过,数据不足（436天）无法计算1年指标 / 数据不足（436天）无法计算2年指标 / 数据不足（436天）无法计算3年指标 / 无法计算1年期指标
019863,未通过,数据不足（456天）无法计算1年指标 / 数据不足（456天）无法计算2年指标 / 数据不足（456天）无法计算3年指标 / 无法计算1年期指标
019879,未通过,数据不足（454天）无法计算1年指标 / 数据不足（454天）无法计算2年指标 / 数据不足（454天）无法计算3年指标 / 无法计算1年期指标
019880,未通过,数据不足（454天）无法计算1年指标 / 数据不足（454天）无法计算2年指标 / 数据不足（454天）无法计算3年指标 / 无法计算1年期指标
019902,未通过,数据不足（434天）无法计算1年指标 / 数据不足（434天）无法计算2年指标 / 数据不足（434天）无法计算3年指标 / 无法计算1年期指标
019903,未通过,数据不足（434天）无法计算1年指标 / 数据不足（434天）无法计算2年指标 / 数据不足（434天）无法计算3年指标 / 无法计算1年期指标
019916,未通过,数据不足（0天 < 365天）
019917,未通过,数据不足（0天 < 365天）
019941,未通过,数据不足（400天）无法计算1年指标 / 数据不足（400天）无法计算2年指标 / 数据不足（400天）无法计算3年指标 / 无法计算1年期指标
019942,未通过,数据不足（400天）无法计算1年指标 / 数据不足（400天）无法计算2年指标 / 数据不足（400天）无法计算3年指标 / 无法计算1年期指标
020140,未通过,数据不足（414天）无法计算1年指标 / 数据不足（414天）无法计算2年指标 / 数据不足（414天）无法计算3年指标 / 无法计算1年期指标
020141,未通过,数据不足（414天）无法计算1年指标 / 数据不足（414天）无法计算2年指标 / 数据不足（414天）无法计算3年指标 / 无法计算1年期指标
020142,未通过,数据不足（411天）无法计算1年指标 / 数据不足（411天）无法计算2年指标 / 数据不足（411天）无法计算3年指标 / 无法计算1年期指标
020143,未通过,数据不足（411天）无法计算1年指标 / 数据不足（411天）无法计算2年指标 / 数据不足（411天）无法计算3年指标 / 无法计算1年期指标
020232,未通过,数据不足（425天）无法计算1年指标 / 数据不足（425天）无法计算2年指标 / 数据不足（425天）无法计算3年指标 / 无法计算1年期指标
020236,未通过,数据不足（0天 < 365天）
020237,未通过,数据不足（0天 < 365天）
020258,未通过,数据不足（425天）无法计算1年指标 / 数据不足（425天）无法计算2年指标 / 数据不足（425天）无法计算3年指标 / 无法计算1年期指标
020276,未通过,数据不足（384天）无法计算1年指标 / 数据不足（384天）无法计算2年指标 / 数据不足（384天）无法计算3年指标 / 无法计算1年期指标
020277,未通过,数据不足（384天）无法计算1年指标 / 数据不足（384天）无法计算2年指标 / 数据不足（384天）无法计算3年指标 / 无法计算1年期指标
020315,未通过,数据不足（423天）无法计算1年指标 / 数据不足（423天）无法计算2年指标 / 数据不足（423天）无法计算3年指标 / 无法计算1年期指标
020331,未通过,数据不足（0天 < 365天）
020332,未通过,数据不足（0天 < 365天）
020437,未通过,数据不足（416天）无法计算1年指标 / 数据不足（416天）无法计算2年指标 / 数据不足（416天）无法计算3年指标 / 无法计算1年期指标
020458,未通过,数据不足（0天 < 365天）
020459,未通过,数据不足（0天 < 365天）
020476,未通过,数据不足（0天 < 365天）
020477,未通过,数据不足（0天 < 365天）
020487,未通过,数据不足（405天）无法计算1年指标 / 数据不足（405天）无法计算2年指标 / 数据不足（405天）无法计算3年指标 / 无法计算1年期指标
020553,未通过,数据不足（0天 < 365天）
020554,未通过,数据不足（0天 < 365天）
020659,未通过,数据不足（0天 < 365天）
020682,未通过,数据不足（388天）无法计算1年指标 / 数据不足（388天）无法计算2年指标 / 数据不足（388天）无法计算3年指标 / 无法计算1年期指标
020698,未通过,数据不足（0天 < 365天）
020699,未通过,数据不足（0天 < 365天）
020720,未通过,数据不足（365天）无法计算1年指标 / 数据不足（365天）无法计算2年指标 / 数据不足（365天）无法计算3年指标 / 无法计算1年期指标
020721,未通过,数据不足（365天）无法计算1年指标 / 数据不足（365天）无法计算2年指标 / 数据不足（365天）无法计算3年指标 / 无法计算1年期指标
020722,未通过,数据不足（0天 < 365天）
020723,未通过,数据不足（0天 < 365天）
020748,未通过,数据不足（0天 < 365天）
020749,未通过,数据不足（0天 < 365天）
020759,未通过,数据不足（0天 < 365天）
020760,未通过,数据不足（0天 < 365天）
020768,未通过,数据不足（0天 < 365天）
020769,未通过,数据不足（0天 < 365天）
020772,未通过,数据不足（0天 < 365天）
020773,未通过,数据不足（0天 < 365天）
020774,未通过,数据不足（0天 < 365天）
020775,未通过,数据不足（0天 < 365天）
020901,未通过,数据不足（0天 < 365天）
020902,未通过,数据不足（0天 < 365天）
021049,未通过,数据不足（0天 < 365天）
021050,未通过,数据不足（0天 < 365天）
021167,未通过,数据不足（0天 < 365天）
021168,未通过,数据不足（0天 < 365天）
021187,未通过,数据不足（0天 < 365天）
021188,未通过,数据不足（0天 < 365天）
021313,未通过,数据不足（0天 < 365天）
021316,未通过,数据不足（0天 < 365天）
021317,未通过,数据不足（0天 < 365天）
021500,未通过,数据不足（0天 < 365天）
021503,未通过,数据不足（0天 < 365天）
021570,未通过,数据不足（0天 < 365天）
021571,未通过,数据不足（0天 < 365天）
021605,未通过,数据不足（0天 < 365天）
021629,未通过,数据不足（0天 < 365天）
021630,未通过,数据不足（0天 < 365天）
021784,未通过,数据不足（0天 < 365天）
021830,未通过,数据不足（0天 < 365天）
021831,未通过,数据不足（0天 < 365天）
021875,未通过,数据不足（0天 < 365天）
021876,未通过,数据不足（0天 < 365天）
021915,未通过,数据不足（0天 < 365天）
021916,未通过,数据不足（0天 < 365天）
021937,未通过,数据不足（0天 < 365天）
021938,未通过,数据不足（0天 < 365天）
021979,未通过,数据不足（0天 < 365天）
021980,未通过,数据不足（0天 < 365天）
021983,未通过,数据不足（0天 < 365天）
021984,未通过,数据不足（0天 < 365天）
022003,未通过,数据不足（0天 < 365天）
022004,未通过,数据不足（0天 < 365天）
022081,未通过,数据不足（0天 < 365天）
022082,未通过,数据不足（0天 < 365天）
022164,未通过,数据不足（0天 < 365天）
022165,未通过,数据不足（0天 < 365天）
022168,未通过,数据不足（0天 < 365天）
022292,未通过,数据不足（0天 < 365天）
022293,未通过,数据不足（0天 < 365天）
022299,未通过,数据不足（0天 < 365天）
022300,未通过,数据不足（0天 < 365天）
022301,未通过,数据不足（0天 < 365天）
022302,未通过,数据不足（0天 < 365天）
022327,未通过,数据不足（0天 < 365天）
022328,未通过,数据不足（0天 < 365天）
022344,未通过,数据不足（0天 < 365天）
022345,未通过,数据不足（0天 < 365天）
022358,未通过,数据不足（0天 < 365天）
022518,未通过,数据不足（0天 < 365天）
022690,未通过,数据不足（0天 < 365天）
022691,未通过,数据不足（0天 < 365天）
022710,未通过,数据不足（0天 < 365天）
022754,未通过,数据不足（0天 < 365天）
022755,未通过,数据不足（0天 < 365天）
022831,未通过,数据不足（0天 < 365天）
022868,未通过,数据不足（0天 < 365天）
023098,未通过,数据不足（0天 < 365天）
023101,未通过,数据不足（0天 < 365天）
023117,未通过,数据不足（0天 < 365天）
023118,未通过,数据不足（0天 < 365天）
023129,未通过,数据不足（0天 < 365天）
023130,未通过,数据不足（0天 < 365天）
023178,未通过,数据不足（0天 < 365天）
023188,未通过,数据不足（0天 < 365天）
023404,未通过,数据不足（0天 < 365天）
023405,未通过,数据不足（0天 < 365天）
023524,未通过,数据不足（0天 < 365天）
023525,未通过,数据不足（0天 < 365天）
023532,未通过,数据不足（0天 < 365天）
023647,未通过,数据不足（0天 < 365天）
023648,未通过,数据不足（0天 < 365天）
023752,未通过,数据不足（0天 < 365天）
023834,未通过,数据不足（0天 < 365天）
023835,未通过,数据不足（0天 < 365天）
023853,未通过,数据不足（0天 < 365天）
023854,未通过,数据不足（0天 < 365天）
023855,未通过,数据不足（0天 < 365天）
023947,未通过,数据不足（0天 < 365天）
023948,未通过,数据不足（0天 < 365天）
023967,未通过,数据不足（0天 < 365天）
024046,未通过,数据不足（0天 < 365天）
024047,未通过,数据不足（0天 < 365天）
024153,未通过,数据不足（0天 < 365天）
024154,未通过,数据不足（0天 < 365天）
024168,未通过,数据不足（0天 < 365天）
024169,未通过,数据不足（0天 < 365天）
024170,未通过,数据不足（0天 < 365天）
024196,未通过,数据不足（0天 < 365天）
024270,未通过,数据不足（0天 < 365天）
024377,未通过,数据不足（0天 < 365天）
024378,未通过,数据不足（0天 < 365天）
024395,未通过,数据不足（0天 < 365天）
024452,未通过,数据不足（0天 < 365天）
024453,未通过,数据不足（0天 < 365天）
024682,未通过,数据不足（0天 < 365天）
024709,未通过,数据不足（0天 < 365天）
024710,未通过,数据不足（0天 < 365天）
024711,未通过,数据不足（0天 < 365天）
024712,未通过,数据不足（0天 < 365天）
024804,未通过,数据不足（0天 < 365天）
024805,未通过,数据不足（0天 < 365天）
024895,未通过,数据不足（0天 < 365天）
024896,未通过,数据不足（0天 < 365天）
025056,未通过,数据不足（0天 < 365天）
025067,未通过,数据不足（0天 < 365天）
025068,未通过,数据不足（0天 < 365天）
025415,未通过,数据不足（0天 < 365天）
025468,未通过,数据不足（0天 < 365天）
110022,未通过,数据不足（729天）无法计算1年指标 / 数据不足（729天）无法计算2年指标 / 数据不足（729天）无法计算3年指标 / 无法计算1年期指标
160127,未通过,数据不足（729天）无法计算1年指标 / 数据不足（729天）无法计算2年指标 / 数据不足（729天）无法计算3年指标 / 无法计算1年期指标
160133,未通过,数据不足（729天）无法计算1年指标 / 数据不足（729天）无法计算2年指标 / 数据不足（729天）无法计算3年指标 / 无法计算1年期指标
160144,未通过,数据不足（729天）无法计算1年指标 / 数据不足（729天）无法计算2年指标 / 数据不足（729天）无法计算3年指标 / 无法计算1年期指标
160322,未通过,数据不足（729天）无法计算1年指标 / 数据不足（729天）无法计算2年指标 / 数据不足（729天）无法计算3年指标 / 无法计算1年期指标
160919,未通过,数据不足（729天）无法计算1年指标 / 数据不足（729天）无法计算2年指标 / 数据不足（729天）无法计算3年指标 / 无法计算1年期指标
162107,未通过,数据不足（729天）无法计算1年指标 / 数据不足（729天）无法计算2年指标 / 数据不足（729天）无法计算3年指标 / 无法计算1年期指标
162208,未通过,数据不足（729天）无法计算1年指标 / 数据不足（729天）无法计算2年指标 / 数据不足（729天）无法计算3年指标 / 无法计算1年期指标
163110,未通过,数据不足（729天）无法计算1年指标 / 数据不足（729天）无法计算2年指标 / 数据不足（729天）无法计算3年指标 / 无法计算1年期指标
164205,未通过,数据不足（729天）无法计算1年指标 / 数据不足（729天）无法计算2年指标 / 数据不足（729天）无法计算3年指标 / 无法计算1年期指标
167702,未通过,数据不足（729天）无法计算1年指标 / 数据不足（729天）无法计算2年指标 / 数据不足（729天）无法计算3年指标 / 无法计算1年期指标
167703,未通过,数据不足（729天）无法计算1年指标 / 数据不足（729天）无法计算2年指标 / 数据不足（729天）无法计算3年指标 / 无法计算1年期指标
206012,未通过,数据不足（729天）无法计算1年指标 / 数据不足（729天）无法计算2年指标 / 数据不足（729天）无法计算3年指标 / 无法计算1年期指标
320020,未通过,数据不足（729天）无法计算1年指标 / 数据不足（729天）无法计算2年指标 / 数据不足（729天）无法计算3年指标 / 无法计算1年期指标
320022,未通过,数据不足（729天）无法计算1年指标 / 数据不足（729天）无法计算2年指标 / 数据不足（729天）无法计算3年指标 / 无法计算1年期指标
340006,未通过,数据不足（729天）无法计算1年指标 / 数据不足（729天）无法计算2年指标 / 数据不足（729天）无法计算3年指标 / 无法计算1年期指标
360001,未通过,数据不足（729天）无法计算1年指标 / 数据不足（729天）无法计算2年指标 / 数据不足（729天）无法计算3年指标 / 无法计算1年期指标
376510,未通过,数据不足（729天）无法计算1年指标 / 数据不足（729天）无法计算2年指标 / 数据不足（729天）无法计算3年指标 / 无法计算1年期指标
399011,未通过,数据不足（729天）无法计算1年指标 / 数据不足（729天）无法计算2年指标 / 数据不足（729天）无法计算3年指标 / 无法计算1年期指标
450009,未通过,数据不足（729天）无法计算1年指标 / 数据不足（729天）无法计算2年指标 / 数据不足（729天）无法计算3年指标 / 无法计算1年期指标
501201,未通过,数据不足（729天）无法计算1年指标 / 数据不足（729天）无法计算2年指标 / 数据不足（729天）无法计算3年指标 / 无法计算1年期指标
501219,未通过,数据不足（729天）无法计算1年指标 / 数据不足（729天）无法计算2年指标 / 数据不足（729天）无法计算3年指标 / 无法计算1年期指标
519193,未通过,数据不足（729天）无法计算1年指标 / 数据不足（729天）无法计算2年指标 / 数据不足（729天）无法计算3年指标 / 无法计算1年期指标
519606,未通过,数据不足（729天）无法计算1年指标 / 数据不足（729天）无法计算2年指标 / 数据不足（729天）无法计算3年指标 / 无法计算1年期指标
519673,未通过,数据不足（729天）无法计算1年指标 / 数据不足（729天）无法计算2年指标 / 数据不足（729天）无法计算3年指标 / 无法计算1年期指标
519714,未通过,数据不足（729天）无法计算1年指标 / 数据不足（729天）无法计算2年指标 / 数据不足（729天）无法计算3年指标 / 无法计算1年期指标
519715,未通过,数据不足（0天 < 365天）
519935,未通过,数据不足（729天）无法计算1年指标 / 数据不足（729天）无法计算2年指标 / 数据不足（729天）无法计算3年指标 / 无法计算1年期指标
519965,未通过,数据不足（729天）无法计算1年指标 / 数据不足（729天）无法计算2年指标 / 数据不足（729天）无法计算3年指标 / 无法计算1年期指标
519975,未通过,数据不足（729天）无法计算1年指标 / 数据不足（729天）无法计算2年指标 / 数据不足（729天）无法计算3年指标 / 无法计算1年期指标
540006,未通过,数据不足（729天）无法计算1年指标 / 数据不足（729天）无法计算2年指标 / 数据不足（729天）无法计算3年指标 / 无法计算1年期指标
540007,未通过,数据不足（729天）无法计算1年指标 / 数据不足（729天）无法计算2年指标 / 数据不足（729天）无法计算3年指标 / 无法计算1年期指标
540008,未通过,数据不足（729天）无法计算1年指标 / 数据不足（729天）无法计算2年指标 / 数据不足（729天）无法计算3年指标 / 无法计算1年期指标
540009,未通过,数据不足（729天）无法计算1年指标 / 数据不足（729天）无法计算2年指标 / 数据不足（729天）无法计算3年指标 / 无法计算1年期指标
540010,未通过,数据不足（729天）无法计算1年指标 / 数据不足（729天）无法计算2年指标 / 数据不足（729天）无法计算3年指标 / 无法计算1年期指标
580008,未通过,数据不足（729天）无法计算1年指标 / 数据不足（729天）无法计算2年指标 / 数据不足（729天）无法计算3年指标 / 无法计算1年期指标
671030,未通过,数据不足（729天）无法计算1年指标 / 数据不足（729天）无法计算2年指标 / 数据不足（729天）无法计算3年指标 / 无法计算1年期指标
673090,未通过,数据不足（712天）无法计算1年指标 / 数据不足（712天）无法计算2年指标 / 数据不足（712天）无法计算3年指标 / 无法计算1年期指标
850007,未通过,数据不足（713天）无法计算1年指标 / 数据不足（713天）无法计算2年指标 / 数据不足（713天）无法计算3年指标 / 无法计算1年期指标
850788,未通过,数据不足（713天）无法计算1年指标 / 数据不足（713天）无法计算2年指标 / 数据不足（713天）无法计算3年指标 / 无法计算1年期指标
850799,未通过,数据不足（713天）无法计算1年指标 / 数据不足（713天）无法计算2年指标 / 数据不足（713天）无法计算3年指标 / 无法计算1年期指标
900029,未通过,数据不足（695天）无法计算1年指标 / 数据不足（695天）无法计算2年指标 / 数据不足（695天）无法计算3年指标 / 无法计算1年期指标
900030,未通过,数据不足（695天）无法计算1年指标 / 数据不足（695天）无法计算2年指标 / 数据不足（695天）无法计算3年指标 / 无法计算1年期指标
960000,未通过,数据不足（729天）无法计算1年指标 / 数据不足（729天）无法计算2年指标 / 数据不足（729天）无法计算3年指标 / 无法计算1年期指标
